case,subcutaneous_fat,muscle,visceral_fat
case_000,0.9366115501384811,0.8816292043853013,0.7306987926471535
case_001,0.9543696510820859,0.8525538536893716,0.9134505314444934
case_002,0.926542925601276,0.8248877290223519,0.8976212427434952
case_003,0.8692795252084873,0.6954851458339126,0.9190188881548801
case_004,0.9226735679097623,0.8625957628589505,0.8923005748896005
case_005,0.9140327352267887,0.8365958096474347,0.8576151457581276
case_006,0.920501324879265,0.8640843763192496,0.8417284711426003
case_007,0.9244867354674756,0.8488174099662293,0.8694163891886618
case_008,0.9429907385158012,0.8741285336557186,0.8195927534065068
case_009,0.8827079102318336,0.7741601976642726,0.9093756801042541
case_010,0.9486106623738536,0.7833123247485813,0.9433511315023847
case_011,0.8916007144920113,0.8394086356093581,0.8401756674754044
case_012,0.9413366684129976,0.8405416431245814,0.9246985271333034
case_013,0.9309899737073422,0.8149920824991007,0.925578096030155
case_014,0.8944618925078781,0.8238453874956677,0.8921450718020182
case_015,0.903550204618704,0.8414095242678701,0.7948566223957579
case_016,0.92005086003191,0.8368817030094088,0.8935465012483783
case_017,0.9254876364173353,0.8015650848728391,0.9202234043042983
case_018,0.945086711993618,0.8669297271958893,0.9023516645595104
case_019,0.931319986213377,0.8333854924665636,0.9172130898871413
case_020,0.9316969024327157,0.8287532119687531,0.9198208270556992
case_021,0.9244851191775839,0.8903668985674015,0.6758418820111987
case_022,0.9272632117778131,0.8520734829920914,0.8937905581252652
case_023,0.9264923266304402,0.858666555698897,0.8937795622339998
case_024,0.8759008511921198,0.775578398494415,0.9327479596776128
case_025,0.9087421778520433,0.8558428580208229,0.8171202904420579
case_026,0.9138570555634342,0.8138665811768153,0.9042538315184239
case_027,0.9377156214994755,0.861154431097736,0.8774475689820944
case_028,0.9261752198038691,0.8313779466310915,0.9196620725803475
case_029,0.8748965412478061,0.8222372032320074,0.9033236139814971
case_030,0.9269879931948878,0.8059816401440675,0.8975073838475497
case_031,0.8807788058389706,0.7756215593828772,0.8726061447160746
case_032,0.9260783108470347,0.8446875506591994,0.9189581640347667
case_033,0.9163138736451356,0.8187964011938916,0.9040979009945727
case_034,0.9221094682925118,0.8489708801923195,0.8269839032943527
case_035,0.9534399084002367,0.8506347423668051,0.8611878781275577
case_036,0.9061178160539314,0.8484236142947158,0.8862846465875027
case_037,0.9090939971142064,0.8306909466672362,0.8996575285325656
case_038,0.9448447581439126,0.8567124818706867,0.9320412032818737
case_039,0.9160561027974604,0.8345758710285966,0.9103222415733493
case_040,0.8721737295176752,0.7159775491430496,0.8860411925211632
case_041,0.9327142467779246,0.8652660344667359,0.8820858006380293
case_042,0.9104743027666324,0.8234682127713266,0.8764707414585913
case_043,0.9485919181144359,0.8459829529515837,0.9117102995326701
case_044,0.9322941423876397,0.8302483848679616,0.9064949350208944
case_045,0.9479902710835202,0.8766426409100039,0.867496131296577
case_046,0.9120322533331828,0.810686589535256,0.9147341132915314
case_047,0.9180841796192187,0.8375753312543034,0.8533478986198779
case_048,0.9175178983328963,0.8284963261437776,0.9054028538656591
case_049,0.9366034196798441,0.8584876876681667,0.8627816713782245
case_050,0.9304272671231227,0.8015326450327054,0.9186377317055343
case_051,0.942669696605327,0.8702395649264534,0.9217764864318774
case_052,0.8971484069866769,0.8147010382388222,0.8854755148350288
case_053,0.9164655675330072,0.8428697979311224,0.6713689969871326
case_054,0.9236282120051222,0.8165134340232953,0.8513003891619348
case_055,0.9231275381497707,0.8304506295826762,0.8740894076409633
case_056,0.9197571855934398,0.8496053870162192,0.8786817183050019
case_057,0.9110513925998326,0.8038498216296105,0.914575239715778
case_058,0.9444918673206644,0.8608579405682426,0.8564601507983417
case_059,0.9349245408487071,0.8341939779972966,0.8871148749797546
case_060,0.9161719305046033,0.7610607392031005,0.8877793404434566
case_061,0.9225400738730252,0.82220493297037,0.8529054856768314
case_062,0.9394953492079336,0.8517998393252046,0.9229574030451811
case_063,0.8662680368517626,0.7572922243913487,0.8888495180803858
case_064,0.9454134745840175,0.857315871262531,0.9304993306134712
case_065,0.925052466161087,0.793808192467105,0.9174391082214345
case_066,0.9426890155097983,0.8105967136979996,0.9140214919316985
case_067,0.9496682111769941,0.8775403375982064,0.8463362353641563
case_068,0.9005127619226194,0.8046940881221311,0.9114396168906735
case_069,0.9155750671311391,0.8389560254030408,0.9013486056781858
case_070,0.9376866975172989,0.81037234949971,0.8750096400725407
case_071,0.9337649304993774,0.8421415799166676,0.9200769247500823
case_072,0.9446037938421685,0.8383026497203335,0.8996464995955799
case_073,0.9301974317965539,0.8688535524437133,0.8653678033074228
case_074,0.9382209208817106,0.8768436231774629,0.8935642802081599
case_075,0.9350863485397695,0.8823973353568992,0.8339340157571195
case_076,0.9255840832960399,0.8502055609217526,0.9272682294824471
case_077,0.9488713509920292,0.8695222022375613,0.8915568101953648
case_078,0.9043384416396723,0.8124199599170718,0.9102249363021782
case_079,0.923538820780442,0.8125877177862684,0.916655701009015
case_080,0.9265729853603215,0.8588650351843132,0.9152054856324883
case_081,0.934706059678224,0.8103406312005188,0.9346291314017724
case_082,0.8511080923554823,0.7057940296421845,0.8567205727344893
case_083,0.936346283757746,0.8490835608212814,0.8058614061054192
case_084,0.9175525675055025,0.8197174491189745,0.9128807120497753
case_085,0.9278857069849122,0.8229581897165832,0.8706170826815064
case_086,0.9434061819757361,0.8701589107252138,0.8768021344602712
case_087,0.9292691961174794,0.8393630782592597,0.9201066554667787
case_088,0.9051612098131276,0.7768261860225292,0.8971813417096709
case_089,0.8925240005134117,0.8331167799461859,0.8996826772177782
case_090,0.9483381743597658,0.8832429374649275,0.9169128051246181
case_091,0.8904749306276757,0.7917283910025339,0.9174865710963334
case_092,0.9128970343432106,0.7288728766638961,0.9370699944120803
case_093,0.9514927968902017,0.8583383489095763,0.8621609397183161
case_094,0.9153470722493314,0.7971672122670145,0.9176342284775015
case_095,0.8420893763775723,0.794519568463008,0.8626900681785201
case_096,0.8734975837130495,0.8000471174532746,0.8119121014687335
case_097,0.9431844280820838,0.8425030606585742,0.9202541317944528
case_098,0.9345154983074548,0.852054001704905,0.9061322198579713
case_099,0.9134632335418776,0.8173398564989032,0.9089551046224795
case_100,0.8048459022905291,0.7758452242913317,0.860241646431724
case_101,0.8717236665571924,0.7626234398083638,0.843117952538018
case_102,0.9010551499621129,0.7853510741350928,0.8582856762717368
case_103,0.9264896411925854,0.8581439565815457,0.8924327656747246
case_104,0.9113248031776371,0.8389002949310691,0.8987717947323003
case_105,0.9328055486459118,0.8531788994260966,0.9012915274543009
case_106,0.9147107128164352,0.8564668392970409,0.8382260972934297
case_107,0.930625966680699,0.8610758293585871,0.8579729398064955
case_108,0.9067889120234567,0.8324379969151401,0.904522904170874
case_109,0.9371940512762575,0.7931506771135715,0.9326288823194426
case_110,0.9244810301945067,0.8361626010212797,0.8753926751936321
case_111,0.8775871073947081,0.829455095576573,0.8935108625731851
case_112,0.9014478284979517,0.8244868007063977,0.8761631175555675
case_113,0.8986207593593607,0.8165506710817461,0.8255142272522303
case_114,0.872600185577885,0.813822892541934,0.9071712714623555
case_115,0.8942347384453216,0.8181871820324841,0.8631282504295706
case_116,0.9404814888702391,0.8627745963986686,0.8001286844777654
case_117,0.9374642172753147,0.8308880177752926,0.908199466981941
case_118,0.794071124594701,0.8164041889811808,0.6845823100914301
case_119,0.9333496114995044,0.8547741774705138,0.8948272170901864
case_120,0.8938404513100755,0.7973218807729124,0.9051923161643441
case_121,0.9274521799920369,0.8457005964010533,0.9186473183077015
case_122,0.9356550743650135,0.8566070140615418,0.9095876734635489
case_123,0.9022945708648062,0.8373541967057869,0.7993910147585188
case_124,0.9411475379216174,0.8246963213998513,0.9312067993783265
case_125,0.8982816392553414,0.8595779344417693,0.8483706016983392
case_126,0.918714820650171,0.8575154683660675,0.7585705798802574
case_127,0.908746717353394,0.8281097950144611,0.9046680479309567
case_128,0.9204421791710431,0.8710474103494934,0.745650535848068
case_129,0.9047626385718026,0.8248800665335387,0.5567877241804957
case_130,0.8620864360408018,0.8064303501782044,0.8864922118867719
case_131,0.9523316930939688,0.8547213366024808,0.9188682843433492
case_132,0.894726660255716,0.8243518266212283,0.896030183231908
case_133,0.9062740466067304,0.8186125779716985,0.8412072767575565
case_134,0.9287058780129518,0.8610949237753542,0.8586085775516987
case_135,0.9336523853025173,0.8514977320412901,0.9011862771038799
case_136,0.8972158125193468,0.844013817079974,0.8951513362421876
case_137,0.8905852916839462,0.8320289437505879,0.7750697969167103
case_138,0.9411473267385063,0.8550272838202293,0.8620355384528151
case_139,0.9151779589177409,0.7968754366632723,0.8835567032794734
case_140,0.9270969755361421,0.8113410666605007,0.9218483164134839
case_141,0.9464312018116336,0.8256493975131112,0.9267583736708898
case_142,0.9349335887078382,0.8213461308459041,0.9053049361357429
case_143,0.9126107114128238,0.8002583178185552,0.9117144444447992
case_144,0.9501072557160526,0.8581033905743118,0.8706141257449428
case_145,0.9364631695341563,0.8582594624495624,0.8752150834303758
case_146,0.9096098754865003,0.8411590604662192,0.8701218058869155
case_147,0.947167878982537,0.8366188626820317,0.9264892483469468
case_148,0.9070524126579278,0.8792270990514082,0.9182881647805872
case_149,0.9302312819289169,0.8293501264091764,0.8966937474778199
case_150,0.89686020656474,0.8666093034886261,0.8385835183496497
case_151,0.8930100666995666,0.8689148336101191,0.9303183251253561
case_152,0.9055449215615079,0.8810000994172669,0.8940573752147882
case_153,0.9363806466840142,0.8042550925150609,0.9060908432676708
case_154,0.8575708244017397,0.8710625532332161,0.9263742427337808
case_155,0.8911359085161676,0.8312199980690277,0.9236796467911761
case_156,0.9043533168709431,0.8740051335065269,0.9124448690325861
case_157,0.925405028587035,0.8866497429031766,0.9074549379456457
case_158,0.841353027147458,0.8218901082809225,0.7460414344466308
case_159,0.926694893655668,0.8507326472534723,0.907318693053621
case_160,0.893140763520219,0.8421377103849417,0.8983233819928942
case_161,0.9260437986376776,0.8987045547230291,0.9082177924319785
case_162,0.8729144471399913,0.8586853290249926,0.9281634433500646
case_163,0.9218032538937602,0.8512408373320062,0.9214874756262446
case_164,0.857163441823515,0.7487784164953442,0.9220678021442577
case_165,0.9278485482760098,0.8486333326418106,0.8923861317724915
case_166,0.8879544194700659,0.8618764486697583,0.9240805128967569
case_167,0.8838349000891175,0.8727944692052654,0.9211897613807807
case_168,0.8942811896614411,0.8630795175871713,0.9224731152561257
case_169,0.8987840991586027,0.8471079992363674,0.9358778807457244
case_170,0.9025853579091789,0.8276785015646901,0.9002252360795961
case_171,0.8829422818512135,0.8480610781381853,0.911877172759927
case_172,0.9360936787774761,0.8682818407426036,0.9232745084739231
case_173,0.9167657291643226,0.846648279081782,0.9189291682410133
case_174,0.9068737536270504,0.8572341886103196,0.9426928740687271
case_175,0.9206980163725719,0.8050316083413533,0.9272490168730942
case_176,0.9191762045618692,0.8651835947951048,0.8393532230736556
case_177,0.912290833608602,0.8359719957769867,0.9323598690370872
case_178,0.915945604971834,0.8221599473781619,0.9108997649562832
case_179,0.922580043422158,0.8477076166848314,0.9190858120596037
case_180,0.9255962327093439,0.8549386391868812,0.8961049257279345
case_181,0.9278691965944638,0.8640438857795449,0.9231210526415367
case_182,0.9150402471259387,0.8557876033002179,0.9148917183332312
case_183,0.911607132529881,0.8372987181977896,0.9088477734887195
case_184,0.9155028227066377,0.8352799725265262,0.9172847937762528
case_185,0.9142797755991902,0.8249928881138304,0.9188791653989631
case_186,0.9141608272429042,0.8728594326431318,0.9135559662991732
case_187,0.943522951159722,0.8630822635744949,0.9087629941062153
case_188,0.885935329573283,0.8280548472971186,0.8982681797575274
case_189,0.8667856726543115,0.8946559630580674,0.8225676820932007
case_190,0.889293305727696,0.8610309584723715,0.9187972402541473
case_191,0.9318837221585203,0.8604116963947603,0.9110295402069024
case_192,0.8886935250036408,0.8366659833597452,0.9099473839638799
case_193,0.9241921061978322,0.857425090610587,0.9143522081345552
case_194,0.8595619395412633,0.79705965989099,0.8756609854918613
case_195,0.9291012115661993,0.7990439268262515,0.9321244403040937
case_196,0.92741703608417,0.8179416600055252,0.9226539643154392
case_197,0.9085844641362861,0.8857482908330057,0.9163979537266049
case_198,0.8761927060910558,0.8232024235220252,0.8975488394108297
case_199,0.9109598804816483,0.8685321106196231,0.8982003160783897
case_200,0.9352847379144458,0.8403427006205814,0.9286932628293656
case_201,0.8805429066642066,0.8476426372786909,0.8980332711461828
case_202,0.9149943023431566,0.845752965546928,0.9173166154252481
case_203,0.9036000845579436,0.894986559451653,0.6628537203897032
case_204,0.8722200268865937,0.872042616389374,0.9199851648648897
case_205,0.9092368421567,0.8724754817363425,0.8905792415898962
case_206,0.9085234196950976,0.8898539285303585,0.9157805378376106
case_207,0.9081780007644545,0.8026630027453593,0.9268210413390182
case_208,0.9314881949507645,0.8717994354593493,0.9192298981802163
case_209,0.9119977353704148,0.819202778926235,0.9187802113938859
case_210,0.8944890301718004,0.8380997675460358,0.922755492839868
case_211,0.8532881915434911,0.8101241348848615,0.8255306773458558
case_212,0.8740225638777335,0.8263005762801919,0.9291273487779204
case_213,0.8809276154015295,0.8956343203652724,0.8564981551799329
case_214,0.9252985979861342,0.8473573622378954,0.9285817695306289
case_215,0.9181716000699581,0.8786154123614326,0.8931801487722966
case_216,0.895635313770802,0.8555663671682614,0.9208434036703437
case_217,0.9204073936163133,0.8005368846291545,0.9273418169924407
case_218,0.8873972004572813,0.8713516742074539,0.8043220828894543
case_219,0.9312746021843297,0.8724278457002872,0.9166128327096683
case_220,0.9092634014148616,0.8263171063209872,0.9073598847591884
case_221,0.9160426571843348,0.8613890769987637,0.9023432665889612
case_222,0.8039387049334891,0.8711459510304869,0.6736094656554744
case_223,0.8983092018909465,0.8607276509367935,0.894991826295076
case_224,0.9132558605719346,0.8128220506657894,0.9139096084322833
case_225,0.9001847511079474,0.8739196982717456,0.9150335662700649
case_226,0.9299198939933405,0.8801728753458694,0.933212632064296
case_227,0.9358051827318823,0.8695825895434669,0.8971624420925611
case_228,0.9146700936058276,0.8527692226055364,0.9253020960187948
case_229,0.9020641181109003,0.8549941672768819,0.832550164864808
case_230,0.9418763048593264,0.8722598760907175,0.7490473781906772
case_231,0.9285029246770464,0.8798928340646861,0.9327797689470532
case_232,0.9102350523370378,0.8885177781120431,0.8871384876269385
case_233,0.8966778958892225,0.8626434257602732,0.9257717293781617
case_234,0.9521576516720848,0.8774702688228609,0.9213568105921872
case_235,0.8907782664830279,0.8446120851998296,0.9054317049857399
case_236,0.9243552633338812,0.825279564095472,0.9245857656279358
case_237,0.9299065538034541,0.8521009754754678,0.9231600352062167
case_238,0.9077081960752669,0.8860307423834541,0.8630277184650876
case_239,0.9368394349457885,0.8402259825970863,0.9059980036493112
case_240,0.8948531176367325,0.8597631996995612,0.91929554598305
case_241,0.8722112693153437,0.8067110381076742,0.923203330463847
case_242,0.9465082086388916,0.8447065420810658,0.9220398794087918
case_243,0.8564745079687519,0.7804193513607312,0.8964692211271754
case_244,0.9180057749017366,0.8957576730853556,0.8070214947231629
case_245,0.8908382558298499,0.860672539099071,0.8873385253589543
case_246,0.9180404202235811,0.8823368108109871,0.9195917415336532
case_247,0.8703698740090137,0.8085167979810051,0.8057901954870746
case_248,0.8458805142102951,0.8785123401112479,0.7936414413784523
case_249,0.9247929991401218,0.859004623783287,0.9264123196925118
case_250,0.9494799074693837,0.8590375745976714,0.9421204403636463
case_251,0.8709974186546767,0.7345382611286534,0.9292012402349282
case_252,0.9122067710528958,0.8993979659808148,0.8177489389574613
case_253,0.9021929385844102,0.8495164988840138,0.9264637018692127
case_254,0.8906360293795279,0.811859895506442,0.9191820385339092
case_255,0.9158031738289388,0.8495915277011824,0.8898430574548698
case_256,0.917397810016927,0.8845482373493511,0.9079890576023057
case_257,0.9211325939760691,0.8457152003823388,0.9224238558921344
case_258,0.7829870560797021,0.8368157633936522,0.7287774371945117
case_259,0.9355167969015273,0.8867096796578102,0.8015758286877663
case_260,0.9183337707674264,0.8773511392355491,0.9106277804254943
case_261,0.9115117127711639,0.8424280219731675,0.9026537014516511
case_262,0.9087837149279805,0.8639728533365576,0.9154166735131058
case_263,0.8962727363712193,0.8343630579910114,0.90501906703476
case_264,0.9287159161089141,0.8671324483098913,0.8905623499667007
case_265,0.8560629560020578,0.8147827760290782,0.8885113980148887
case_266,0.9340606242913692,0.8118715631848713,0.9231201866128673
case_267,0.8613384284040861,0.867900524605356,0.635276764012027
case_268,0.9221995636712005,0.8831652622167598,0.937618114082874
case_269,0.9292723051417001,0.8546163273747552,0.8958799469370473
case_270,0.934625588878416,0.8851606915485349,0.8819133970970825
case_271,0.9204775129210201,0.8600533843586033,0.9263787102049273
case_272,0.9232843677973805,0.8713534571910682,0.9142309482938262
case_273,0.9073840029519601,0.8839309442902459,0.9300619844694139
case_274,0.9392924067060344,0.888568635815758,0.902021619119654
case_275,0.9035625639576733,0.8503024887320769,0.9155033952234709
case_276,0.926628161420651,0.8699279412254015,0.923857583270341
case_277,0.884715996721089,0.8993428607335273,0.7687595010122162
case_278,0.7811735903071607,0.8630054262016065,0.6269144833374605
case_279,0.9262244981678889,0.8678667607108702,0.9042176603120642
case_280,0.8730423662216807,0.8248125249638315,0.9077474794303744
case_281,0.9150831051656254,0.829579048047385,0.9128451920807716
case_282,0.8591137057593637,0.8507383512413742,0.9110176823926621
case_283,0.8941145097663827,0.8340171508892573,0.9259506788249241
case_284,0.9148960900715335,0.8679246471453284,0.8803340715046375
case_285,0.8980083605430978,0.8489044610964749,0.9043629517365279
case_286,0.9516613989869681,0.8604976701998216,0.8772848958021932
case_287,0.9200717481768237,0.884754617444182,0.9126789791242544
case_288,0.9409820095737143,0.8779222016686801,0.922718081435501
case_289,0.8966583225690824,0.8700735458779153,0.9278303891782651
case_290,0.9189572044888257,0.8487105578243035,0.9113128650539046
case_291,0.9051806692566257,0.8482279016409046,0.8917629362664472
case_292,0.859564861968972,0.7913826548588354,0.9079939037468218
case_293,0.9327186957248036,0.8833970362695062,0.9385089864209949
case_294,0.9116890177778035,0.8351171223445496,0.9169163245306046
case_295,0.9170017277521694,0.8696687333696757,0.8934195850935549
case_296,0.8409788626907762,0.8757625202377857,0.7690135704371852
case_297,0.9148634397810363,0.8560195067996788,0.9095441273203713
case_298,0.908059526423457,0.8303254010766803,0.9171760627144258
case_299,0.9396238934431776,0.8857310394205025,0.927650621285142
case_300,0.90857846045184,0.8476041503780516,0.8709757437697547
case_301,0.8554669636298844,0.726189964371545,0.8287060159033658
case_302,0.8695211317479038,0.8026042151375526,0.8251920358328004
case_303,0.8521554190362268,0.756621271385371,0.8726425753430301
case_304,0.8243133419402465,0.7683103037394831,0.8722020690941379
case_305,0.8315689780000222,0.8654889243486487,0.8051745392622368
case_306,0.8115824822196998,0.7824354760706295,0.7611261549149605
case_307,0.8914266451175775,0.8171292219646714,0.8568806344655379
case_308,0.8464731944102615,0.81513835292582,0.8001103664607814
case_309,0.8769197120702177,0.8383056559150687,0.8588528403801825
case_310,0.8901531364831444,0.809405900697105,0.8861955614705928
case_311,0.8958249478523415,0.8173010376212451,0.8679602259369665
case_312,0.6464151665947733,0.790371582496696,0.7020265511567545
case_313,0.8600697511996911,0.7877531177497212,0.8698936190884387
case_314,0.8866930519635144,0.8279814032336289,0.7931629088794397
case_315,0.9208690841966893,0.8152007994679762,0.8746139961271385
case_316,0.7881007952337675,0.8245402157030465,0.7681474268298131
case_317,0.8695175217882372,0.8121849968354292,0.8889422852493928
case_318,0.8856456954918386,0.8017596713711286,0.900598889315326
case_319,0.8847131973050798,0.8499085466705741,0.8040376890002271
case_320,0.8577564628846956,0.802726637678946,0.8609312754686835
case_321,0.8990759052002593,0.8426034620274337,0.8831208960338041
case_322,0.8797655615545908,0.7876392420463146,0.8342704702693737
case_323,0.9013176232440638,0.8434434180849655,0.903482816281578
case_324,0.8910392876134563,0.8083663063891582,0.9054306805449778
case_325,0.8820728606792999,0.7723215647936268,0.8034630004670706
case_326,0.911481546338934,0.857594110324027,0.8960443363935419
case_327,0.8539392317388956,0.8631213084622095,0.6926428149186358
case_328,0.8736284325141778,0.824068413242136,0.7730536714735001
case_329,0.9086458075054019,0.8448432244126539,0.8695094704473247
case_330,0.8602404001564042,0.8648961737556018,0.8579071181961357
case_331,0.8615820219542264,0.8198355220136276,0.8719494745103131
case_332,0.8472394929711852,0.7398817628791117,0.7457814168911927
case_333,0.8655844889389803,0.8439095094763652,0.8259904302796401
case_334,0.8899758599559452,0.8081062966388932,0.9103531428140715
case_335,0.9172697519407705,0.7967441589233795,0.9075113717493517
case_336,0.8602223495781965,0.8641700974083087,0.7709860523351061
case_337,0.9145609724066838,0.8309364091264293,0.857743813879573
case_338,0.8877378218829493,0.8254036578557196,0.9119488503775981
case_339,0.8958930350027692,0.8390825705027165,0.8337739055382545
case_340,0.8082952433984778,0.8504091661647499,0.79593164319236
case_341,0.7757968017677482,0.8004191933471974,0.798585509268148
case_342,0.8232008003283446,0.7564604234148113,0.7994446833784822
case_343,0.8570161640047336,0.7756860463862826,0.8580592059338829
case_344,0.8403853594744353,0.8121445594690949,0.7817871046367434
case_345,0.8803913174901035,0.840437831793829,0.752824608556441
case_346,0.8460873538256296,0.7755932808278243,0.8416003314890919
case_347,0.9090984156530874,0.8129912021617212,0.8825473408153885
case_348,0.37507878589661814,0.7329790873093831,0.5530201793275451
case_349,0.8715843552498408,0.7967886738435253,0.755072982312551
case_350,0.8681408308198701,0.777040226563272,0.8040707587377006
case_351,0.8087278546429107,0.8247172605199405,0.7429893315391722
case_352,0.8832468125501797,0.7861672574838174,0.9081794955960381
case_353,0.8529983458441192,0.8204350569414378,0.8356253354525406
case_354,0.8957370884111409,0.8213348536974798,0.7668713772149987
case_355,0.9084465047365824,0.8289729843940596,0.9203467902249562
case_356,0.7725461581490313,0.8252010177699969,0.7470762358208813
case_357,0.8188300961853616,0.7827318293152008,0.834253210305405
case_358,0.8906837999458014,0.8098823326181745,0.810608161172472
case_359,0.8930321576958963,0.8426763523784804,0.8960259703514911
case_360,0.8833449024505422,0.8073247882096017,0.8300313011379044
case_361,0.8970931472893238,0.8391557200693384,0.8570816615900001
case_362,0.871417817817042,0.8144168681286325,0.854701163947946
case_363,0.599156034365639,0.7347307345616544,0.5417028476342283
case_364,0.8717577372443022,0.8221761680382056,0.8100495266921515
case_365,0.84637176876421,0.828240241784828,0.766927545212333
case_366,0.918013355058571,0.8341751683995448,0.914122441954875
case_367,0.910511694776214,0.7770300502729924,0.8603564149281221
case_368,0.818411363038371,0.8434796058181273,0.7931530867918131
case_369,0.9182936726174661,0.8162998137258424,0.9089744390134625
case_370,0.852597960886431,0.7421455358274146,0.8976533991282999
case_371,0.8896073094270365,0.8348464358892758,0.790739429460792
case_372,0.8780115369780311,0.7950424051575901,0.7908755810633319
case_373,0.8683497219641759,0.7432139672438098,0.8225809238917166
case_374,0.8461885051118215,0.7713859689615965,0.8967881283912066
case_375,0.8902863847266893,0.7913089459735493,0.8492930336112116
case_376,0.9092524617434834,0.7819531005557169,0.8732818898222013
case_377,0.8702890968081931,0.8547201137380936,0.8254363235300566
case_378,0.8793148171397545,0.8518640129183697,0.8440453200378167
case_379,0.8395109785684227,0.8450695976033251,0.8112396255436864
case_380,0.8998108515433973,0.8392048855752638,0.8854705568992842
case_381,0.8864014077618622,0.8553135761797583,0.8837906158020807
case_382,0.8744921117341334,0.8147838874346103,0.8627283577306516
case_383,0.8976024711813377,0.8259361469118446,0.8763269200266715
case_384,0.7874248346641937,0.8401408231851323,0.7955865592840622
case_385,0.9087601100701026,0.7837113010035566,0.8467756851492994
case_386,0.8363269498841578,0.805049760260359,0.7857571617073715
case_387,0.8424893167588781,0.7140444952138455,0.8381623166009164
case_388,0.9041473610226356,0.7989225711063784,0.905826544882282
case_389,0.9165837480161237,0.7739466279018424,0.9166188238451297
case_390,0.8641653586979734,0.8662548711446838,0.7435992793601713
case_391,0.8440728935666455,0.8044785872213147,0.8035744103369934
case_392,0.851078054310774,0.7901044907139695,0.8727916067660522
case_393,0.76205300370542,0.755793089562014,0.7573641242001222
case_394,0.8617474273905308,0.8434889013663041,0.8285890085322872
case_395,0.8894531663374382,0.7770081089512361,0.9146391348257785
case_396,0.812124276206844,0.8613273603044,0.6911908701284913
case_397,0.8733832133332025,0.8484823669820563,0.7878763997344714
case_398,0.8782151362919492,0.8056268454431095,0.8096146559907006
case_399,0.9009422411399297,0.8403088267447589,0.8312382210529266
case_400,0.897014694781489,0.8032246421120801,0.8708507490681597
case_401,0.8691051934885451,0.81918266080597,0.8033838647565874
case_402,0.8782196553720767,0.7631017963727496,0.7583697883789762
case_403,0.8781812699662045,0.7878718660635867,0.8678815322830664
case_404,0.86500760493569,0.8272085067798314,0.8334030182451854
case_405,0.8561507318301217,0.8076492809164438,0.829148512276105
case_406,0.8812377169338672,0.8102501774295107,0.8456600613160572
case_407,0.8862806518234962,0.7879928974355555,0.8839486019855132
case_408,0.8444001800479339,0.8262480400194966,0.8146618763917884
case_409,0.7958842127857738,0.8324701736685185,0.7845145890189097
case_410,0.9038934406759391,0.7704911891918065,0.8495496184336266
case_411,0.854794748747845,0.8092176371992176,0.9046641342378599
case_412,0.8875743555478612,0.8131075905848087,0.8233551528111163
case_413,0.8160037052499872,0.8371654063372677,0.8231036407504225
case_414,0.7311207791419074,0.8154353339996141,0.7062108963254412
case_415,0.8751966822393717,0.8476479881370856,0.8191138380791109
case_416,0.8889525514702017,0.8135233840464866,0.838582533397898
case_417,0.8374409093068127,0.794993338205185,0.7260401477687441
case_418,0.8369061275864367,0.7457129272507556,0.7843647105565168
case_419,0.9003878358555868,0.8214065645356063,0.8901904899513804
case_420,0.9049317688031988,0.7964096894234356,0.8794061520248584
case_421,0.868761264814802,0.8287239896890763,0.7583912903789943
case_422,0.9015893337983831,0.8164816305847238,0.8959252632700995
case_423,0.8144216692146056,0.6709792847977796,0.8444927658424147
case_424,0.8144087134828182,0.8354030134271795,0.7332144687308618
case_425,0.8933374260726957,0.818139731574894,0.6894413349667677
case_426,0.8320623380893215,0.7571800754013677,0.7896655013837013
case_427,0.8848148775028947,0.8338475893613606,0.8443250103530762
case_428,0.8924149351257347,0.7764096291698236,0.9025797894431044
case_429,0.7859144171004375,0.8524322244300714,0.7630368092821316
case_430,0.8734869216913029,0.8257670388154728,0.7863904329070857
case_431,0.6635113480423508,0.778670517605645,0.6412796561111731
case_432,0.9002455361061137,0.8006459773836644,0.9116256637995037
case_433,0.9097647596738808,0.8734579416730048,0.8631251933626596
case_434,0.7971435733017452,0.830187959590946,0.8226680193845568
case_435,0.8720027392739553,0.763074567634581,0.882605084277744
case_436,0.8355561706872581,0.7677302297578193,0.7199886347676623
case_437,0.8432742469168933,0.8574217671000208,0.7775439534619837
case_438,0.8842124778469134,0.8274019879415152,0.909184316521633
case_439,0.890362912744895,0.8073460348624241,0.8807074791847239
case_440,0.8770625390139742,0.8443884366573767,0.8643077955515757
case_441,0.8864215507912678,0.8642116812627268,0.8333318117704616
case_442,0.8855106280307703,0.8502134279225552,0.8983008038014009
case_443,0.8804846972387909,0.7846570318397007,0.8252483722647559
case_444,0.9120486667554084,0.7888855024122076,0.8362899779946006
case_445,0.8640588021299405,0.7357383258455412,0.8753571618065787
case_446,0.7943853257282483,0.8029691976313046,0.7590696153993843
case_447,0.8746159424430395,0.8008972018308477,0.8811658213690208
case_448,0.9062751510066275,0.8141481735258523,0.8979193404818931
case_449,0.8681283834638487,0.8308631602152062,0.7898612307962843
case_450,0.8201536258521577,0.8292128195520929,0.9026685171201003
case_451,0.5627756687693035,0.8140734890982733,0.6954872770435617
case_452,0.8542983186041195,0.860320971183167,0.9022063133785907
case_453,0.6845333416095909,0.864925834296767,0.8276652501076013
case_454,0.7403570181054218,0.8400220388326801,0.7603553149348812
case_455,0.8035609716474785,0.8585238940097454,0.8881182817905474
case_456,0.8208571412038987,0.8013138133867062,0.8487217385018871
case_457,0.8854529904835338,0.8754187437455431,0.8346743882108454
case_458,0.8584136532956507,0.8528618701254983,0.9089391706460715
case_459,0.8575069600403641,0.822332512169244,0.8981797682061868
case_460,0.8259919769094164,0.8651333726249884,0.9082881360881503
case_461,0.8728501439401578,0.8281937626519388,0.9113833080848452
case_462,0.7291410908043776,0.7739824540308509,0.895018573998445
case_463,0.8497167854297778,0.8841317545003939,0.8984806934142967
case_464,0.8430238199057676,0.8290136985401518,0.8945374837432212
case_465,0.8215489540285575,0.8229558095129079,0.8967204922996197
case_466,0.817074931704761,0.8471408523239701,0.7806130897729717
case_467,0.8372695865724665,0.8643166026789689,0.8564691906130635
case_468,0.9091007284401416,0.8543837610950016,0.8792559966513984
case_469,0.798388382082619,0.8714571912863245,0.7334269236757402
case_470,0.7897578730692709,0.8582272928782066,0.8432330855313933
case_471,0.8591630645343613,0.858945194075877,0.9149045561179343
case_472,0.853196961160412,0.8196189571182643,0.9034826252127246
case_473,0.8802569594586739,0.824804818680065,0.859608720602328
case_474,0.8193444825851215,0.7564102226331639,0.8828296044899945
case_475,0.8235675974228926,0.8579743979891764,0.9045506096969639
case_476,0.8839040113070338,0.8766754217482531,0.8776510258352899
case_477,0.8604083595836727,0.8200399341212774,0.8845467746953289
case_478,0.8522694185198015,0.8095577611533613,0.8540421892821461
case_479,0.8461183721816747,0.7979855303942058,0.9059380156079194
case_480,0.8649302499900975,0.8566180778622463,0.9199233780787994
case_481,0.8236816014897239,0.8374789716573098,0.9109422825734435
case_482,0.8020448183681618,0.803778493797321,0.9007270979526085
case_483,0.7900940798759571,0.8588366467179188,0.8408783180656094
case_484,0.8509055165405851,0.8631978244300059,0.8698650449949921
case_485,0.7407882990270509,0.8213005416421308,0.8319455446810509
case_486,0.8602012168286892,0.8045808649455733,0.903632660745195
case_487,0.715822578689062,0.836242009279131,0.8046951441992101
case_488,0.7868927968937784,0.8497593772260106,0.8147377350744212
case_489,0.8340261866691729,0.8114783703858071,0.8912450090892152
case_490,0.8467569885520723,0.7501450315799744,0.8494003509396686
case_491,0.8410077545440618,0.828796503932455,0.9098466515304772
case_492,0.8835953002775613,0.8295543917795396,0.8957610797736382
case_493,0.8327124995769779,0.821605936360607,0.8243849742478097
case_494,0.8527180746267424,0.8231322233965935,0.8836999041362948
case_495,0.8148517797186711,0.8031355053587986,0.9188798824565482
case_496,0.7211199213540951,0.8514427427835827,0.7903107996186358
case_497,0.8130576297199864,0.8276754704359726,0.8967323123036146
case_498,0.8405615426453225,0.8222715867605671,0.8855555160206083
case_499,0.806071191710346,0.7874714127749343,0.8460857409507152
case_500,0.8111949263937869,0.8324557168268483,0.8487624036531867
case_501,0.8403807301632156,0.8555199103211879,0.7787554796540075
case_502,0.8643718686657635,0.7938297463297865,0.91693075384134
case_503,0.8098060508379209,0.8451032515493945,0.9008889531638018
case_504,0.8129093615188033,0.8119215583872066,0.847277350933272
case_505,0.5545177679610145,0.8104566929018782,0.7854861948412883
case_506,0.4625644835987708,0.8269866507183797,0.5899206457775076
case_507,0.7796948466390995,0.8587360616557116,0.7552874733525144
case_508,0.8332637564790173,0.8717727529244643,0.8270422784365907
case_509,0.8117889281932859,0.8517019137537597,0.9253614886900363
case_510,0.8542237810918184,0.8442546901215393,0.9114993375756003
case_511,0.8085106736667799,0.874989677751399,0.8216674235624972
case_512,0.8666551006392273,0.8187253829212122,0.8880517782476357
case_513,0.8183955723425246,0.8529134169631114,0.827293775101245
case_514,0.8376109535500741,0.8680321275478129,0.8117993454223088
case_515,0.8638421966545621,0.8564933247440267,0.8826349768879164
case_516,0.8393111751281351,0.8593990675510255,0.865979160476728
case_517,0.8398265911856106,0.8197940384656411,0.8530549479545011
case_518,0.8536873317459555,0.7752329482867972,0.8998830570963823
case_519,0.7860832483899673,0.7626925901138888,0.879784882753241
case_520,0.8824111350735728,0.8627814383208972,0.8900703072852457
case_521,0.8478456456769273,0.8395072660699405,0.8974707807432772
case_522,0.8208402578235632,0.794532330399199,0.884216566515507
case_523,0.8058442659750026,0.8650618657577761,0.8311587986170229
case_524,0.8206359940297944,0.8241071466836847,0.8549380001840189
case_525,0.8688905708309712,0.8603094310560203,0.8284090633251526
case_526,0.8587462734020772,0.8436313364318235,0.9019563031918219
case_527,0.8820566933454819,0.873382065651667,0.874972855023799
case_528,0.8441527815000188,0.7951068887186392,0.8965135232640907
case_529,0.8555834771218784,0.8562598817320287,0.8950829018907407
case_530,0.8757240137378454,0.8184414418725655,0.9070244396109606
case_531,0.3447037981241161,0.7963084768094253,0.5400154472426908
case_532,0.7877422986799676,0.8050691848879312,0.9164736447190729
case_533,0.8593278680051998,0.8684210048679042,0.9288104568788274
case_534,0.858226228925151,0.8675750102463696,0.8665449890921413
case_535,0.8453385761534224,0.8295413470473347,0.8113170632701483
case_536,0.836235799031381,0.8428577198107767,0.9046795433090851
case_537,0.8214880661366131,0.850283229998172,0.8689506111605546
case_538,0.782796780516591,0.8172233622184778,0.7617754526332859
case_539,0.8536307995247481,0.8115971088298245,0.919532957268347
case_540,0.8573145424877807,0.8833404102987876,0.8919908442034494
case_541,0.8268220684643293,0.8811208252240319,0.8641810309457023
case_542,0.8718511210057966,0.8384527338078379,0.9183511645987769
case_543,0.8296190881517557,0.7774688836164104,0.8272868813413802
case_544,0.8173254207416862,0.8253758146248279,0.8115639476518286
case_545,0.33011007659211544,0.7850556138095612,0.6988297962656339
case_546,0.8827462032008045,0.8672613959522942,0.9107193780351787
case_547,0.3397966620711761,0.8029294589927277,0.5033880440966252
case_548,0.9099820541465755,0.849167247106961,0.9274301374249883
case_549,0.8867325288663885,0.9088982475537764,0.8712740585629469
case_550,0.8535245744643448,0.8531690296858085,0.831373498102184
case_551,0.7969825232142289,0.7829435870036007,0.8266366846751224
case_552,0.8382835977887472,0.8371709192851315,0.9028001986614295
case_553,0.8532796469955756,0.8616367794540051,0.8850245809251953
case_554,0.815304343873974,0.8187866380262032,0.8410844005305252
case_555,0.8275664034371886,0.8011074907434348,0.874909777310128
case_556,0.8251969082674471,0.8635852109167803,0.8778588066363383
case_557,0.8053812738225328,0.8210636382834952,0.7852837409645733
case_558,0.7803547483615434,0.7755650577798061,0.8233012483168516
case_559,0.7965206315043758,0.8469931960450789,0.881263031297934
case_560,0.8384919573101284,0.7878483965293325,0.8453741397450218
case_561,0.8111359372409244,0.8531877676113735,0.9074199455856037
case_562,0.883035280087068,0.8852753489229026,0.8872593166909739
case_563,0.8609012902536407,0.8438740871953487,0.8927990072262401
case_564,0.8325946558542211,0.8736749506826293,0.8392442428232036
case_565,0.8834571724454399,0.8255482265927641,0.9076272044208723
case_566,0.88868970472438,0.8243700638515804,0.9074955710330712
case_567,0.7387067187599566,0.8430508302569402,0.8602302028476846
case_568,0.8463559742285053,0.8481895155587105,0.9031867307436117
case_569,0.8483699940100387,0.8661997796959807,0.7759178065909793
case_570,0.8411287593668813,0.7898606240792663,0.8993335812549765
case_571,0.8550967478686708,0.8436399804125202,0.9095470429287474
case_572,0.841274293785596,0.8568110860370557,0.9147632794027849
case_573,0.8036355678057314,0.8352935343205042,0.82909964216111
case_574,0.46103429918384653,0.7670631967824093,0.7127631907917742
case_575,0.8589710180046732,0.8695820452995902,0.879318826125416
case_576,0.822166861449606,0.8028974399907117,0.8248185129192662
case_577,0.9021502668545576,0.8370682982436137,0.8583954104719018
case_578,0.8594661147458982,0.8644665302442027,0.8983652871215223
case_579,0.8530908630041014,0.8849950931604169,0.8947724575754735
case_580,0.8115364100545369,0.8286365226425811,0.8323599846749798
case_581,0.915693967683598,0.8217541834276365,0.9066410157358213
case_582,0.8805081896900446,0.9039134056032431,0.8730234809811488
case_583,0.840773179299662,0.8342101490292558,0.9050042967641068
case_584,0.9104946622066291,0.8510198519567564,0.9051870985369181
case_585,0.8571906937503709,0.8207400018328783,0.8564926386871212
case_586,0.8164592859611242,0.794359321635711,0.8667229644032213
case_587,0.8282710886682826,0.8351262890775709,0.8320661877796726
case_588,0.8461813923678914,0.8497820106105809,0.9097815183459577
case_589,0.8640312467739851,0.8482099912716888,0.893501176297214
case_590,0.8541337982209614,0.8060301104147132,0.8532060808142838
case_591,0.8402692796968816,0.8519498691576547,0.8527695547721756
case_592,0.8537951351349756,0.8540084614031174,0.9147563546786055
case_593,0.8022964489502615,0.7932650389436735,0.7795708313252204
case_594,0.8310903452542677,0.8569035267613084,0.8731936939788195
case_595,0.8531977188295006,0.8514309248267171,0.881103029115459
case_596,0.8572544168984922,0.8574552612284574,0.9050911914469447
case_597,0.8997318600533688,0.8794390967169479,0.8410823528138622
case_598,0.7944125478617672,0.8655420640971498,0.8723715134995802
case_599,0.8444568571876244,0.8311098910144481,0.872986464439795
case_600,0.9102456082173492,0.8605843477420355,0.8593346556205017
case_601,0.861360034693757,0.8437241898349184,0.7867705311574623
case_602,0.8822407881005145,0.8494758440450525,0.854696427744357
case_603,0.8867719547232542,0.8484207857638724,0.8091816354480398
case_604,0.9210525647658392,0.8731255799180526,0.7578045860641945
case_605,0.8208365690104013,0.7657912651087998,0.5471085320777976
case_606,0.8406675050265227,0.8488730920569215,0.5620367054568929
case_607,0.9137124951825811,0.8079830658397311,0.8809134631018962
case_608,0.9201472428202578,0.8736036921727361,0.851719668858727
case_609,0.8811067438055359,0.8291718830092432,0.8760140474578184
case_610,0.9233471322811185,0.8490395925612205,0.8300267987966031
case_611,0.918064674363041,0.8609942267790772,0.8911945650089077
case_612,0.8889338851212693,0.8721131501134698,0.5845003748604134
case_613,0.8747136666222962,0.7931024992250411,0.796943910732426
case_614,0.9025353525913473,0.8451356145641835,0.8476127193641052
case_615,0.9100203712405659,0.8462920091957232,0.8042180292693882
case_616,0.9114181773112924,0.8683016534816539,0.8245555288885869
case_617,0.9202035508343452,0.820922142423021,0.890205905171531
case_618,0.9046300370830823,0.8439903661605401,0.8183237160455513
case_619,0.8939040216416304,0.8471135040127615,0.832757623762665
case_620,0.9211262108092176,0.877706767356186,0.8967452756369829
case_621,0.8997434324637661,0.8436669216622698,0.7806523995106124
case_622,0.8538064014181486,0.8429343182160561,0.5814785911778295
case_623,0.8960389453747637,0.8340047850453167,0.8971301897444308
case_624,0.9215283476327166,0.8494478905974818,0.87026943810715
case_625,0.9214596194161617,0.8766624841475359,0.7506239721172755
case_626,0.8908719151929275,0.8118189952835496,0.6600922708537387
case_627,0.8632108620387738,0.8125328041574553,0.8788898241099824
case_628,0.9029285396963457,0.8486568328175383,0.8514901905163602
case_629,0.8830963709612047,0.8542945536860667,0.8325109299455953
case_630,0.7708710598497762,0.785199267705411,0.6487443680497091
case_631,0.929648401472826,0.8667659360148257,0.9098903580642816
case_632,0.9048119640379807,0.8260743048497985,0.8515139871510323
case_633,0.9056788290884806,0.8747719889682422,0.7740727358914359
case_634,0.8373314536554806,0.7772672555568332,0.8691198441729169
case_635,0.9341735482088893,0.8828828030160212,0.8804013222959908
case_636,0.901454199350094,0.8473491700471627,0.8706478957051553
case_637,0.912058090989004,0.8706207943087663,0.9137569185007717
case_638,0.8936424294894868,0.8196370309352481,0.856644570323081
case_639,0.9107068358495,0.8415685616412988,0.883779140452567
case_640,0.9112707598952694,0.835369890482554,0.8934550873394739
case_641,0.9042040645859531,0.8474040767780975,0.8716059278907469
case_642,0.8696464408989046,0.8204729524073243,0.7802389127370837
case_643,0.8019870802211526,0.7992326288098959,0.6005385955524953
case_644,0.9172912640765373,0.8625939502526094,0.8830195749223311
case_645,0.9059502839260716,0.8217667941580048,0.8865022405685818
case_646,0.9127537253798638,0.867358206844144,0.8960393077751853
case_647,0.8793828924598456,0.8397998269169051,0.8803612205166501
case_648,0.8665654414269768,0.8212345793327458,0.6871854962435506
case_649,0.9204914052331246,0.8687436412270941,0.7502221349351222
case_650,0.8920032867122084,0.8203281583730131,0.897426706213595
case_651,0.9031592357085527,0.8445719200212916,0.8300345086115692
case_652,0.8566193106065827,0.7747152107229787,0.8714215661528368
case_653,0.8815835712880277,0.8059149294036703,0.9041133885118519
case_654,0.8519156865880724,0.8070332840595522,0.8460645368284899
case_655,0.878890073075743,0.819836795590545,0.8453686261161519
case_656,0.7146912022026108,0.8190062049195753,0.5435896899729173
case_657,0.8657560105754947,0.7977074611082906,0.8248898924356611
case_658,0.8783833426636777,0.8456493834259402,0.8532257743811613
case_659,0.9086073778172268,0.8362914748762196,0.8666726739081249
case_660,0.8953558584087884,0.8353725345587812,0.8636254252992347
case_661,0.8998160298001943,0.8187045507247417,0.8328573259015847
case_662,0.8857217309258398,0.8099568200483755,0.8873458877628526
case_663,0.9154379326891949,0.8528143331039679,0.9221556757235227
case_664,0.9129142078693959,0.8192039588716735,0.8827669143338239
case_665,0.9325104407814143,0.8694259752851565,0.8723879083113741
case_666,0.9271850059868283,0.8547119752912159,0.8626824121313361
case_667,0.9308393761160004,0.8806111746518777,0.8111788336092561
case_668,0.923340519249162,0.8231141887673835,0.8858079695184964
case_669,0.8894626259246576,0.8133025844164328,0.8880635786341905
case_670,0.9199517163865721,0.8550756490491312,0.8803712040054518
case_671,0.9296517327144979,0.875739361149665,0.867584099488929
case_672,0.9065990019961642,0.8495449628083632,0.7997818946291804
case_673,0.9320573166547828,0.8699073318197825,0.7846773165958378
case_674,0.8987265624305223,0.864424028910175,0.7616199202694443
case_675,0.9089976419703254,0.8179922091840484,0.8783571844299668
case_676,0.8952170111002306,0.8196130482435031,0.8814690834325893
case_677,0.9242177561958822,0.8640334632888645,0.8528830023639888
case_678,0.9135664780932392,0.8782613368168406,0.6969371635801963
case_679,0.9125658434922636,0.8096707168848458,0.9182014155427816
case_680,0.7094894817856251,0.7985452150486222,0.6088881686599075
case_681,0.8806882259923039,0.8394162042429353,0.8756504238507568
case_682,0.8202590357290627,0.8440640041682769,0.7024738305280045
case_683,0.8314410747143208,0.8310996552366262,0.7354594425946239
case_684,0.9154009244712791,0.8265280354919097,0.9049954024121677
case_685,0.9159901062286548,0.8504150298726862,0.8997422363026382
case_686,0.9266357470881437,0.8730789310164057,0.6982020074630906
case_687,0.9005197889184856,0.8296264770041835,0.8937058906910712
case_688,0.9153703701915005,0.8682326977568151,0.8906084249936848
case_689,0.8995358722111411,0.8473753462611712,0.8880436365460329
case_690,0.9222970541746205,0.8342314110684161,0.8951762522640545
case_691,0.8860239645341577,0.8443475815067775,0.790638194230361
case_692,0.9147834090441634,0.8533559561686304,0.8256295909096105
case_693,0.898590383777315,0.8391354446227303,0.859359473304455
case_694,0.8130711971675291,0.8442484659452869,0.7422494623132034
case_695,0.8825954568487351,0.7988204402450156,0.8795767043323823
case_696,0.9090560891294521,0.8640703023918643,0.8620967715297162
case_697,0.8991201916493168,0.8168436633365255,0.886845737519988
case_698,0.9249481163324091,0.864471065984646,0.8857582297176002
case_699,0.9062350810356146,0.827836671666685,0.9090070542129007
case_700,0.9014384943834589,0.8163683084346935,0.8759575721471571
case_701,0.88272749522255,0.8032745791933666,0.7924559210699151
case_702,0.8772705772365423,0.824347009844245,0.7239927459439737
case_703,0.9106440181736825,0.8100778123648766,0.8809740245273738
case_704,0.8615477906253869,0.81936659877292,0.8087055625335762
case_705,0.8981892535650298,0.8155683037939463,0.8624065325014184
case_706,0.9121663938536269,0.8737907010837604,0.8644844388445517
case_707,0.911417291831057,0.8589111727302762,0.8298796024903029
case_708,0.9080101666010308,0.8514453239151905,0.8991729050550419
case_709,0.9277479588997094,0.8726203928978388,0.9116016957851961
case_710,0.8932562358804814,0.8315134990976076,0.8400400537631056
case_711,0.925127082278612,0.8521031292363765,0.9268767686379976
case_712,0.9101484113028776,0.8744060443795191,0.8777307202956497
case_713,0.8382641991627734,0.8116978955253147,0.7907344494501642
case_714,0.9314703757541308,0.8772299966126778,0.8265308578182273
case_715,0.8998842049129152,0.8517806629901219,0.853504616554324
case_716,0.8774941754306442,0.8025165187219222,0.8399922359333087
case_717,0.9054648066920085,0.8443994880832487,0.8635359823625925
case_718,0.875018676022589,0.8461085199141276,0.7987630091369498
case_719,0.8920655905571504,0.8466879230170477,0.715603710435412
case_720,0.8969101354633342,0.829752742535467,0.9024367111324204
case_721,0.9089535933913372,0.8503733086116069,0.9030261393729736
case_722,0.8557071531206697,0.8334765589272006,0.6536480434676064
case_723,0.9084785563867754,0.8634429782447073,0.8915127464748908
case_724,0.9091066471984787,0.8372346943621498,0.8251917715084751
case_725,0.9213315135820858,0.8427990063083316,0.8257080841878168
case_726,0.904236165186538,0.8467207620343981,0.8739094856387588
case_727,0.905796519632072,0.8316638134534322,0.9078902386454671
case_728,0.9102191206717145,0.8417527922064318,0.8918876575650898
case_729,0.8992677978554966,0.8445675443011598,0.9033249149331009
case_730,0.8601859768951124,0.8390511147205943,0.6276745219655961
case_731,0.8950394278033011,0.8386229329247794,0.8127959286036143
case_732,0.8413007237191359,0.8509709424523857,0.7024272444502129
case_733,0.8891189085377574,0.853594568469656,0.8317966979256508
case_734,0.9025676762483006,0.8335144499678325,0.800090305952937
case_735,0.9138888225833821,0.836150875190709,0.8670158693059665
case_736,0.8933375398524921,0.8647776503790793,0.8126740823665518
case_737,0.9190664079578689,0.8607892193447625,0.875617419924105
case_738,0.8184226662965385,0.8205286655751284,0.6716681489942935
case_739,0.8848216622109218,0.8553741272075621,0.7813246799534883
case_740,0.8661340919514681,0.8429568853987195,0.7905223916220958
case_741,0.8906655404118878,0.8104842269949896,0.8465889238374139
case_742,0.8968253770635728,0.8013631183450769,0.8925518177487857
case_743,0.8693871780195772,0.8450199325471613,0.5693377447297772
case_744,0.9062363010544126,0.8267640432920126,0.8822117404038009
case_745,0.9296205380685877,0.8912353069460474,0.8809642953919988
case_746,0.9060739215990257,0.875822385021927,0.8605407435103969
case_747,0.8578276296443282,0.8273439080601247,0.8175498590258046
case_748,0.88788986172764,0.8352350131980286,0.8743351158667663
case_749,0.8999686410686103,0.8518625049328946,0.8752145325292954
case_750,0.8795602460925401,0.8391422370309087,0.8980909821039886
case_751,0.8109891944057077,0.8672050153714539,0.6877125829891131
case_752,0.886008368200526,0.850205164589835,0.8898020384004329
case_753,0.8631718778737436,0.8727229777375325,0.7799840482176562
case_754,0.8616415523148864,0.8865810139110906,0.8732512949048576
case_755,0.8940772501107879,0.8753748015567586,0.8918488201444684
case_756,0.872721425034723,0.8518219551037761,0.8889923367860542
case_757,0.8752103024886012,0.8818750612538805,0.874961534330872
case_758,0.898039443217403,0.8629760428070214,0.920241940360197
case_759,0.8926658258492952,0.8380059804377025,0.8919823752387981
case_760,0.7821363694547717,0.8187201117586167,0.7465440602102335
case_761,0.8289701225497126,0.864213275969637,0.8470834226865354
case_762,0.8676258068348093,0.8613942680299724,0.873777317253119
case_763,0.8691308745290085,0.8626245601335405,0.9171234929542429
case_764,0.8715157902756914,0.8637182150204527,0.9014946188608761
case_765,0.8203313402016336,0.8034548313378871,0.8592565716179474
case_766,0.866274042356975,0.8572444921842808,0.8994556762094846
case_767,0.791170556877425,0.8402369282918654,0.7944079016974864
case_768,0.8903561108526368,0.8698700183742287,0.807547746766513
case_769,0.8542291143331506,0.8514609159566212,0.880560022143621
case_770,0.8382819080866524,0.8670063459274768,0.81997122035988
case_771,0.8649985644414055,0.8275964900847624,0.8529926662930006
case_772,0.6292181593823504,0.7633774019270487,0.891728608683393
case_773,0.8564562122399896,0.8812889368909784,0.8456066084083087
case_774,0.8978029973983949,0.8894818735108542,0.907147086589153
case_775,0.8678549672660334,0.8545048645178737,0.9105654406327739
case_776,0.6969205681051478,0.8343012536869386,0.7748959171624376
case_777,0.7362442271190055,0.823910985971375,0.664683195762311
case_778,0.8744515394614998,0.8552098270434322,0.9134119215495875
case_779,0.8542473159015634,0.8591231984701663,0.8617823974771672
case_780,0.8937396284595717,0.8404904560048281,0.9047819276264246
case_781,0.7973634040335601,0.8425517857450541,0.7732297380920073
case_782,0.8866610829830486,0.8621019980139294,0.9137272462707137
case_783,0.8908342065506241,0.8500653957325767,0.8933067186044849
case_784,0.8047069373231074,0.8418804783325475,0.8134102665530812
case_785,0.918200167198943,0.8902482989868475,0.8997680137934402
case_786,0.9146434904970844,0.8659022206154883,0.9185661907910407
case_787,0.8847129657038393,0.8793632812264848,0.8981390540619438
case_788,0.8548623021651176,0.8808920458296425,0.7975393259076661
case_789,0.89348149810559,0.8744459648170175,0.9295230356670352
case_790,0.8668928748688707,0.8825306467028597,0.8211002967835396
case_791,0.8825622644198065,0.8447072018741466,0.9043244473092132
case_792,0.8202883173579425,0.8294847919801247,0.8862002977116542
case_793,0.9044148268176315,0.8792792937277485,0.8890132525574289
case_794,0.879921642041525,0.8279475994448366,0.9097232616550118
case_795,0.8302955756502644,0.8601255032911367,0.8381236174412766
case_796,0.8840755847393477,0.8715372653152802,0.9174657143676256
case_797,0.8995820615637657,0.8619463885621171,0.8733530320606782
case_798,0.7921820372053654,0.8726702594473389,0.7987090119397854
case_799,0.846520442199121,0.8735217480548634,0.6630704315795202
case_800,0.8637742221001115,0.8771975441198161,0.8000617292417403
case_801,0.8553208889313195,0.8899362613247822,0.8411325744919915
case_802,0.8904848492284366,0.8732445831820355,0.9101577029664046
case_803,0.8081466214121339,0.8333750563832605,0.7123765372753134
case_804,0.8481576000150097,0.8735030025527741,0.8081754527128244
case_805,0.8793107651696009,0.8486886972902877,0.8928806660241961
case_806,0.8965713609918847,0.8749188838435861,0.87590008195848
case_807,0.8815055788163928,0.8405381535591873,0.8911796915865959
case_808,0.87533272748229,0.8721580302900173,0.8729027733830247
case_809,0.8200513217683469,0.8262408268194179,0.8768054071831851
case_810,0.852373681557345,0.8355135277739761,0.8981493127102061
case_811,0.840102619104794,0.8690649742964304,0.8241825017377024
case_812,0.8768714077136576,0.8658290788999252,0.9146135464592281
case_813,0.7578480576792326,0.8045817484216369,0.8520161992786526
case_814,0.8851186565267846,0.8234791813132265,0.873116758415132
case_815,0.8533056045746709,0.8450531098627622,0.9045068234057365
case_816,0.8527196261376992,0.8382159209322182,0.8977014158203984
case_817,0.8733205686175303,0.8624812719537502,0.8699969332313429
case_818,0.7019884684370563,0.802011063232448,0.48689184151398024
case_819,0.8560805868593773,0.8628950610930219,0.8619685008376725
case_820,0.9118328085733074,0.882750899587065,0.8993390363448522
case_821,0.8861770197932631,0.8268642046358565,0.8855231941800109
case_822,0.8632496650003723,0.8668025644225623,0.8880491403353392
case_823,0.9122480933868813,0.8819564124450541,0.9180927091468053
case_824,0.8629270078981085,0.8577123709738986,0.9144922299811764
case_825,0.8700082549550165,0.8541887919209775,0.8781121376661696
case_826,0.7669055791188666,0.8310199693026639,0.8671302040841306
case_827,0.8503546967089928,0.8570898707017597,0.9029611259186322
case_828,0.6424112172470091,0.8100326493471999,0.6477929732870209
case_829,0.8924396177454579,0.8774558404200374,0.918998660464166
case_830,0.8895830330906457,0.8429056435220158,0.8816797402177048
case_831,0.9130084814634186,0.8697259177893109,0.8936377721214591
case_832,0.9134420535329041,0.8659873048352165,0.9083450225365902
case_833,0.7876191548491198,0.842957177044267,0.6806087244981152
case_834,0.8183104271242021,0.8368325749339725,0.8507267332026385
case_835,0.8757272466911222,0.8714003397227141,0.8764997012749932
case_836,0.8679603896829201,0.8627916534301793,0.8910084681900283
case_837,0.8668412052867636,0.7798372022583115,0.8757130200469404
case_838,0.8401972996732477,0.8542386317017109,0.8605078139790017
case_839,0.8783521466306373,0.8519683331287168,0.869906476800022
case_840,0.8365570352761323,0.8494999362991367,0.8898885430910635
case_841,0.8832417701998775,0.8690656121792403,0.9158423121919254
case_842,0.6233939442652259,0.811367724415389,0.4463095124675346
case_843,0.8878935485291468,0.8757561460977921,0.922384728263924
case_844,0.7330577653105688,0.838563626307307,0.6008750904030142
case_845,0.8969440366200241,0.8878049637832661,0.8857740038116315
case_846,0.8741161935508064,0.8547684990634575,0.8692127269778498
case_847,0.873697083498971,0.8658321664006561,0.8514397772510145
case_848,0.849815698967231,0.8870032331466287,0.8669106633750956
case_849,0.8350800334363551,0.8525614177808228,0.8482731303308881
case_850,0.8775829165580633,0.848354950600313,0.9094634651696277
case_851,0.8792796710971144,0.825126943541981,0.9151798143268061
case_852,0.8518431294429238,0.8552603567713468,0.8352483814711551
case_853,0.8403752032156772,0.862620240936245,0.8130582107615554
case_854,0.8597108150748902,0.8253092234211414,0.8370995446492852
case_855,0.900274259417145,0.8174250752774159,0.8936561196737114
case_856,0.8562573625903865,0.8522130017130618,0.7257904728726696
case_857,0.8962647391365847,0.8445612692984029,0.8653335624539925
case_858,0.9124792100917829,0.8758599824612607,0.917960267832305
case_859,0.845467621914043,0.8016276258089244,0.9076087698551354
case_860,0.8636613067483978,0.8672614425815528,0.8920973172330667
case_861,0.8810707415226271,0.8456751575780095,0.9013266300722225
case_862,0.8303088934883458,0.85063494172563,0.8609329293250773
case_863,0.8418815284110142,0.8512014750330057,0.7576520653853959
case_864,0.8819737132235392,0.849646294122604,0.8347855717508889
case_865,0.8738371848597497,0.8511267755904459,0.8124335721411731
case_866,0.7499073384401665,0.8383847759584959,0.6665436410105218
case_867,0.9244348127069132,0.8766576171997778,0.9255439822336802
case_868,0.9090838145554925,0.8897584813363614,0.9035544708397031
case_869,0.819546945738571,0.8320687031717595,0.869259228218872
case_870,0.5964364661883861,0.7672951666680665,0.5702821324517999
case_871,0.7454712038216235,0.8361918305316207,0.6184621704085134
case_872,0.9130488343142174,0.8788331370181656,0.9172998845947163
case_873,0.8723277377611403,0.8596081710161859,0.9049101326585972
case_874,0.8736000892941926,0.8920676333606357,0.8736078275961554
case_875,0.7505227040502618,0.8385540055858078,0.722014217643102
case_876,0.872617246940632,0.8745478230179201,0.8291594728290126
case_877,0.906436938366169,0.8930534666047504,0.8941586779850501
case_878,0.85447431025372,0.8822275149408676,0.8131818275550844
case_879,0.795944504338704,0.8404958879069653,0.7959344638579202
case_880,0.8451153057573595,0.8439932749655632,0.9054496389702047
case_881,0.8759633833726869,0.8519062849633787,0.9022281019750563
case_882,0.8675567186255622,0.856190978342118,0.9121670295324099
case_883,0.9166927422111376,0.8700128054077019,0.9253787379639551
case_884,0.8410481476693507,0.8740902152567053,0.8483527267002487
case_885,0.8800350129954871,0.8673949725526414,0.8992695814057856
case_886,0.8880695853694119,0.8381743729258166,0.9178596860778837
case_887,0.9001394615678578,0.8900117157385967,0.9132257208353767
case_888,0.8936888483870209,0.8429420174942318,0.8597362860868814
case_889,0.8764248830040813,0.8566518350726472,0.9088015370656701
case_890,0.8722495431271554,0.8588026370079297,0.9111460119353969
case_891,0.8477818942824145,0.8203803359117052,0.894595332655308
case_892,0.8526177966013616,0.8240274953929976,0.8765867406494743
case_893,0.8793618319430828,0.876679132527888,0.8955127894144257
case_894,0.8682546677302988,0.8695427119108916,0.8909553786629455
case_895,0.8615877520679607,0.8711832864675224,0.8948618527339796
case_896,0.8922616560226928,0.8575024760892751,0.9070151874676085
case_897,0.9185142667650574,0.8857509691901123,0.9197644150897842
case_898,0.8239920012272862,0.8577844297404404,0.6941255648536873
case_899,0.9073223904573582,0.8769123394221393,0.9032141127593478
