case,dice_fat,dice_muscle
case_000,0.9039607421653052,0.9163300684753403
case_001,0.942519015285979,0.8962492612399636
case_002,0.9513181337414828,0.874248589092389
case_003,0.8868044188366249,0.8735927918740859
case_004,0.910694370623892,0.8917273855287376
case_005,0.9146827918417546,0.8776926689681552
case_006,0.9132580861583912,0.9065811058823326
case_007,0.9327809340821359,0.8916559435669105
case_008,0.9446286955108694,0.9034202679706371
case_009,0.9486210318513251,0.8982999470601295
case_010,0.9415530474687854,0.8555979563117259
case_011,0.9153809814438798,0.8981291179438475
case_012,0.9343161770859486,0.9054510178066048
case_013,0.925412948261244,0.9033373272381766
case_014,0.9348622800203931,0.8828962382842597
case_015,0.8892283353840745,0.8722210526667535
case_016,0.9106026883568147,0.8706818951713942
case_017,0.9243217230232812,0.8988318765080938
case_018,0.9489878821482025,0.8939263636957816
case_019,0.9307534164823311,0.8835081320387642
case_020,0.9270331213708262,0.8663667216918512
case_021,0.8820841185117949,0.9015698208150572
case_022,0.9312616327564996,0.896337955407357
case_023,0.9354109915663241,0.9059131372315445
case_024,0.9013128949216007,0.8997633769901163
case_025,0.8945548977529872,0.9002350839978083
case_026,0.9279820992300802,0.8765770418350238
case_027,0.9146078429726958,0.8895373821187759
case_028,0.9380083380134648,0.8629002706291709
case_029,0.9178402840836838,0.8850340926700759
case_030,0.9519224748551546,0.8587405682147495
case_031,0.7999574788844005,0.9025121231318162
case_032,0.9372644646419862,0.8842162702923924
case_033,0.9314823216459986,0.8636643205109406
case_034,0.9167224547569724,0.8773769005887185
case_035,0.9275432919930531,0.9112653902478711
case_036,0.9465424914939684,0.891903254478195
case_037,0.9187460165949031,0.8775466932597674
case_038,0.9583343155975703,0.893108990861835
case_039,0.9458005520749871,0.8920856183696804
case_040,0.915495063057495,0.8824553151458138
case_041,0.8880652952444408,0.905796009429926
case_042,0.9471375692118948,0.8844135756692276
case_043,0.9475183705488082,0.9115710830788096
case_044,0.8989400784038605,0.9070614227251964
case_045,0.9019063457811619,0.9157795144191729
case_046,0.9057561373497525,0.897115052782901
case_047,0.8972637159627657,0.8767709295258842
case_048,0.9418738406928486,0.8648808048699784
case_049,0.9149905718198312,0.9138604745252442
case_050,0.9306647131353876,0.8664285248254714
case_051,0.9395155032329398,0.9123630756768398
case_052,0.910809760984557,0.8810252753663657
case_053,0.8385265355236303,0.9009562418309331
case_054,0.8783649781322088,0.8856346917141237
case_055,0.9447923177868676,0.8748982946220725
case_056,0.9218500600106411,0.9063514858676588
case_057,0.9038745659834722,0.8910246351796642
case_058,0.9169793833077132,0.9190786437386493
case_059,0.9206693827370404,0.901457364134197
case_060,0.939584150943967,0.889961827286221
case_061,0.8951885350274512,0.8819607194144747
case_062,0.9361587985439547,0.8814730554220679
case_063,0.9113200187236699,0.884212573985233
case_064,0.9078277816222364,0.9190263661253423
case_065,0.9278305707568604,0.885980222115271
case_066,0.9393988274343146,0.9004881378061989
case_067,0.9341890225836973,0.9310303222052708
case_068,0.9165970139469328,0.9138348007399129
case_069,0.9274536041210812,0.8944579791638124
case_070,0.9165145722118021,0.8727818138818931
case_071,0.9155177241003967,0.9117276634172694
case_072,0.9164802454368648,0.903884284915349
case_073,0.9255929700407937,0.8970611732769104
case_074,0.9255031268850121,0.9134510901812996
case_075,0.909863963516353,0.9034692020430528
case_076,0.8921756508609727,0.9153256927052034
case_077,0.9255931767359943,0.9239933612663341
case_078,0.9208225152264394,0.8799076479432325
case_079,0.9272206717041689,0.8603187816761746
case_080,0.9067405217362923,0.9009100670301375
case_081,0.9471864219694696,0.8870039252683547
case_082,0.8779090386356828,0.8502689956085231
case_083,0.8696315691423526,0.8932963539200433
case_084,0.9426623667576263,0.9041696080230319
case_085,0.864871498866674,0.8674287851948024
case_086,0.9491491393623652,0.9029743513459629
case_087,0.9488723936767794,0.869387730233295
case_088,0.910789638021582,0.8865679012345679
case_089,0.9090486928702481,0.8910057142747255
case_090,0.9189680978559359,0.9026469115669004
case_091,0.9220229848658776,0.8711829079248966
case_092,0.9358915380964721,0.8789456487158102
case_093,0.9035696287904335,0.907884568610125
case_094,0.9319231270340183,0.8614928196076634
case_095,0.8717086810775133,0.8483282365834689
case_096,0.9227634639557022,0.9107011681741299
case_097,0.9144199233479221,0.9002379947528031
case_098,0.8628279448434603,0.9210262944822735
case_099,0.91558665862277,0.8723432373429705
case_100,0.9049876135217902,0.9272543053381143
case_101,0.8897808185406096,0.8095643264799322
case_102,0.9203813025215858,0.8314302632493713
case_103,0.9292685395727325,0.8925335762055074
case_104,0.9183456663252048,0.8813571636152281
case_105,0.9249320886132302,0.9205998807137057
case_106,0.9088353306791771,0.8100664620888526
case_107,0.9108614904000658,0.9235606306006181
case_108,0.9311787362591665,0.9051543879839494
case_109,0.9306163813996848,0.9078709835547868
case_110,0.923809001875335,0.8863878626056899
case_111,0.8591258812100306,0.9064322862492199
case_112,0.916186122624871,0.8820152354663076
case_113,0.8909416715385365,0.8785983801780747
case_114,0.9343421439272792,0.8745599287626028
case_115,0.8791635452415637,0.9097390341276446
case_116,0.9272170675517106,0.8917861187555652
case_117,0.9159286575352868,0.9030486981256506
case_118,0.8158668616208579,0.9169679254274535
case_119,0.9029593824541986,0.9286967705195738
case_120,0.8738636770191992,0.8853869371496622
case_121,0.9151803606888985,0.8992345219389367
case_122,0.939591851860264,0.8905849067249899
case_123,0.8106896290114559,0.8715404101480454
case_124,0.947486059265404,0.8649206568871667
case_125,0.8006786919021552,0.9147788626734781
case_126,0.8669606163357736,0.8979209680294917
case_127,0.9119350283831603,0.9070428528873569
case_128,0.8210541092118476,0.9164997320802934
case_129,0.8870655469299583,0.8569188931700463
case_130,0.9071857327862813,0.8799755907322135
case_131,0.9334649332490271,0.9112478760335282
case_132,0.9429353263136987,0.9077546140391068
case_133,0.8917013003267,0.8762051390953494
case_134,0.9250782753829954,0.9054595602282562
case_135,0.9383125242148151,0.8952040859416365
case_136,0.8585048177842153,0.9222007301607634
case_137,0.8735482058310964,0.8800092777674982
case_138,0.9301464237097231,0.916215749304343
case_139,0.9008441741473459,0.9018398810224997
case_140,0.9409700294993133,0.8792365705721875
case_141,0.945883843589576,0.9071586154050338
case_142,0.9044811709142169,0.8838855462688192
case_143,0.8963580775472603,0.7515392776212592
case_144,0.9073397055548822,0.9008576634226547
case_145,0.9398912644388013,0.8982649096340938
case_146,0.8909785499765586,0.8825910742786415
case_147,0.9392366640127389,0.9207745763400659
case_148,0.8399069373121192,0.9301570337968543
case_149,0.9350577936963815,0.9158563308116021
case_150,0.8392643507881086,0.8922506802155638
case_151,0.8889165175783982,0.9227681297169366
case_152,0.866996024678148,0.9255634701633546
case_153,0.871212946076163,0.8529505083036696
case_154,0.8299280257192913,0.9100921235050985
case_155,0.860149772203184,0.8846155987772216
case_156,0.8440510670699889,0.9114487528003085
case_157,0.7971234916188787,0.9153824490107466
case_158,0.8043484057445458,0.8666286115434662
case_159,0.9237158293052404,0.8918119428221402
case_160,0.86809827106325,0.8849859423775934
case_161,0.8993909758052304,0.929897863228939
case_162,0.8359386918382914,0.9146803682612701
case_163,0.9300791652141713,0.9073161116870933
case_164,0.9179244666393334,0.8872118321580638
case_165,0.8701093422794618,0.9270805683609514
case_166,0.8350288364678925,0.8956342599682833
case_167,0.7855137392991071,0.9356611062290131
case_168,0.832914717493108,0.9102958579881657
case_169,0.8251404138130957,0.9126283712296396
case_170,0.8391312155832037,0.9039013594259976
case_171,0.7853665183032065,0.9199212757054968
case_172,0.8620184122258812,0.9320766172174753
case_173,0.8327482400015099,0.9088969361842797
case_174,0.8421109092250032,0.9188935397678607
case_175,0.8921614342285663,0.909461091620176
case_176,0.8508617337873046,0.9176821480105771
case_177,0.8896513727168529,0.9064722782141285
case_178,0.9013224770653773,0.8450837964289524
case_179,0.872675858285785,0.9189162971175167
case_180,0.8835452354174764,0.9253167059685874
case_181,0.9084059193654427,0.9006360970714447
case_182,0.8637018970580808,0.9092364649302415
case_183,0.9087319200834297,0.8944234454419223
case_184,0.8603896064952807,0.9126856870939711
case_185,0.8698009460822334,0.9040236326152228
case_186,0.8244085097865882,0.9155751675949433
case_187,0.8954244394482591,0.9320986035666236
case_188,0.8411587931241736,0.8927061337848934
case_189,0.7203769905752356,0.9429132734994661
case_190,0.8324862669608902,0.9074127580988327
case_191,0.9024036831305211,0.929940858652292
case_192,0.8799448572131232,0.8942604780937872
case_193,0.828342801107787,0.9185855658859193
case_194,0.8509260708683184,0.9122878023960406
case_195,0.914860491844703,0.9211255213363907
case_196,0.9044205153479239,0.880561165608771
case_197,0.7681764961100248,0.9205839948175963
case_198,0.875465754776887,0.8652953582308294
case_199,0.8988124733726832,0.9199566610789441
case_200,0.8585625924340533,0.9330508534490275
case_201,0.8588399187382124,0.8855470068781639
case_202,0.8845347136699507,0.9092359498210416
case_203,0.7833812454420166,0.9253518414591109
case_204,0.826279820401392,0.9188091564301412
case_205,0.8486242891463674,0.9078376424146489
case_206,0.8436521751337086,0.9164518653569749
case_207,0.9180408412531325,0.8874637696717264
case_208,0.9017964374447298,0.9214701709407762
case_209,0.8635150992407755,0.8869079114538959
case_210,0.8884269793438971,0.8853999841210903
case_211,0.6959737027957419,0.8839297566896133
case_212,0.8642907674980616,0.8978408025647268
case_213,0.7773863685408174,0.9393820980877419
case_214,0.9076581598524315,0.9268987783247304
case_215,0.8962344099646596,0.9172268914601807
case_216,0.8492570884963601,0.9149286252719278
case_217,0.9015503577537136,0.9103818888203317
case_218,0.8041157880572807,0.9156503111555477
case_219,0.8791536668344754,0.9083937215892319
case_220,0.9070644605199297,0.9199733449589111
case_221,0.9127632971049341,0.8932381640910525
case_222,0.6296878910299953,0.9049218093767519
case_223,0.8010823556843417,0.9127241196640214
case_224,0.8835200307426265,0.9010516918192238
case_225,0.8748780302280559,0.9208439546151643
case_226,0.9061896946633722,0.9211332508864748
case_227,0.8846646274634836,0.9324733081291731
case_228,0.868414100153045,0.9260659830509085
case_229,0.8194604512485307,0.9166936602161182
case_230,0.8853264853418167,0.9188260684450839
case_231,0.9027132107805842,0.9157832623781448
case_232,0.8281161092238161,0.9230702308032603
case_233,0.8937939641627889,0.8778151621746265
case_234,0.8999803965189505,0.9425503956869489
case_235,0.8855253448903916,0.8786656045373056
case_236,0.8950085831677655,0.9191960423275728
case_237,0.9263240330127855,0.904114698318364
case_238,0.8553238639564801,0.9086974806932065
case_239,0.8886516724088289,0.9308871913783957
case_240,0.857635201429755,0.8931302941289676
case_241,0.868989760374798,0.876863002680219
case_242,0.9236531769832597,0.9106112377230655
case_243,0.8512704997528454,0.7781557182111959
case_244,0.7941154302726536,0.9325872221791217
case_245,0.8546672062989809,0.9005927538300945
case_246,0.9075563156342933,0.9120063114060771
case_247,0.7741588515394067,0.8643347432425188
case_248,0.6460881959443507,0.9251211968614489
case_249,0.8602315625959576,0.9248846448583401
case_250,0.9159463563725836,0.9140347395478945
case_251,0.8855843262358514,0.8888054358544856
case_252,0.7522623466821766,0.9388222197484136
case_253,0.8695863777545708,0.9068000611546844
case_254,0.8964995501758404,0.8644467673550732
case_255,0.8565565317102674,0.9192073325805434
case_256,0.863432230507062,0.9223907860736908
case_257,0.8805800231099998,0.9114773891409337
case_258,0.5621972206471894,0.9151993267575166
case_259,0.8343926054956609,0.9247830070297473
case_260,0.874413949173,0.9138934077578615
case_261,0.880532020334431,0.8536874745805302
case_262,0.8534876346117924,0.9374782368550605
case_263,0.9074305220423643,0.8590222656815154
case_264,0.904759342255979,0.88732338300536
case_265,0.8574539164728808,0.8874849041274139
case_266,0.9183672966026865,0.8913805016792274
case_267,0.6806628243670448,0.9192124915139172
case_268,0.9055396107002245,0.9305057035111143
case_269,0.8622780443978926,0.9174525217593467
case_270,0.8500146580171837,0.9440121394132137
case_271,0.8376139794952211,0.9070179541143762
case_272,0.9287776584869263,0.9153422364731839
case_273,0.8699307983424315,0.9175560576444269
case_274,0.8299213358428648,0.9369703859713684
case_275,0.9154583393430664,0.8906032217296235
case_276,0.8924111155985773,0.9289825334067364
case_277,0.7102892366050261,0.9337856456449503
case_278,0.5397607457480145,0.9057819372851654
case_279,0.8626650572684887,0.9357474117491639
case_280,0.8894332355031503,0.8941603580620571
case_281,0.9277194288359765,0.8702247421958383
case_282,0.8225922460832932,0.8908327926640136
case_283,0.844713229388795,0.9216490799297126
case_284,0.8002944247076408,0.9136258733771642
case_285,0.8321967015482957,0.9021369835138681
case_286,0.9253852894180712,0.9144486471434539
case_287,0.8640294225860193,0.9236217159898056
case_288,0.8629606451083388,0.9277386725634654
case_289,0.8640514435557195,0.9170002347435309
case_290,0.8345059861838385,0.9136955210158876
case_291,0.8900680928218275,0.8698622619183344
case_292,0.8320338718489034,0.9201793611831329
case_293,0.8840853653393288,0.9286584454097561
case_294,0.8069337426021508,0.8812342638777612
case_295,0.8620052766508944,0.937891784079074
case_296,0.664461642851241,0.929121262109352
case_297,0.9118851534185343,0.8814486936252632
case_298,0.8945705638662385,0.8712313634946729
case_299,0.8951522411884623,0.9267375404268289
case_300,0.9221988918885032,0.8765341898272062
case_301,0.8839087792042102,0.7985208381377773
case_302,0.8709100179719776,0.8350863211715692
case_303,0.899075724573383,0.8188768100067021
case_304,0.891831938073112,0.8013842941463092
case_305,0.742382255786372,0.8832474987964285
case_306,0.863278096251313,0.8249198959471956
case_307,0.8914290295988755,0.856388014426715
case_308,0.8496308145263183,0.8745251194517457
case_309,0.9116141679795686,0.8595968948080621
case_310,0.8686794177068137,0.8636910780490153
case_311,0.9044147468172871,0.8581885433396603
case_312,0.4963425018723518,0.8274507202246446
case_313,0.8990465953515081,0.8295459782842073
case_314,0.8722904442692598,0.8609512878386734
case_315,0.9378550352275237,0.8650048275256736
case_316,0.711498788230817,0.8517546941344941
case_317,0.8896561649407126,0.8374266963519157
case_318,0.9167457638950157,0.8637584413356946
case_319,0.7758597123576849,0.786792486273419
case_320,0.8633445735563375,0.869338609087574
case_321,0.9219065943676753,0.869934098120576
case_322,0.9129464220323243,0.8555205718624705
case_323,0.921371346240044,0.866044037252507
case_324,0.917342429431586,0.834455786496126
case_325,0.9021940491651913,0.8306094140549487
case_326,0.8988318176135159,0.8909557452408545
case_327,0.7075730617125651,0.8734297088537716
case_328,0.8835295632242489,0.8632736514191831
case_329,0.9001062309974724,0.8696988437248178
case_330,0.815955009692224,0.8902378287483064
case_331,0.8912479160036907,0.859565867518399
case_332,0.862751776418166,0.7766717826598066
case_333,0.8527117185851338,0.8653154392508127
case_334,0.9280958765569564,0.8734883490761531
case_335,0.9243121581050964,0.8429276424787675
case_336,0.7940424858008739,0.8670843692388938
case_337,0.9065085938227645,0.8633867261095507
case_338,0.9157737697787376,0.8821627839122618
case_339,0.8395466973865009,0.8356972907601908
case_340,0.7106816961889426,0.8590473564022453
case_341,0.7646644965439391,0.8406439973372238
case_342,0.8777514542805344,0.8158724653863016
case_343,0.8654750099920689,0.8221321146698825
case_344,0.8232612183030922,0.8401405855843088
case_345,0.8360037499467338,0.8415284730025766
case_346,0.8814745069201358,0.8603252351369657
case_347,0.9138922905924163,0.8503232785521115
case_348,0.10302072861314568,0.7962054741141852
case_349,0.8340667966028451,0.8371429822544801
case_350,0.8947908775204698,0.7960044142754374
case_351,0.7364025899828605,0.8511792002473274
case_352,0.9166778849477349,0.8433004193478203
case_353,0.8513219647969065,0.8509951939053363
case_354,0.8339590739895467,0.8032124155519983
case_355,0.9389511339745197,0.8737752642243793
case_356,0.6273482339743836,0.821111995574684
case_357,0.8660533462553681,0.8092745817865399
case_358,0.86118567713434,0.8308990640129683
case_359,0.9004824636170103,0.8402533537166778
case_360,0.8952370306472602,0.8373664260394835
case_361,0.8952516307992441,0.8799069255874493
case_362,0.8902238067468943,0.8322574225781455
case_363,0.46678318925472784,0.782804980992792
case_364,0.8747740582748897,0.859177088075409
case_365,0.7821374221720697,0.8380918695895553
case_366,0.9409360308146001,0.8508258679345176
case_367,0.9090666614303621,0.8120394442462037
case_368,0.7300463195219007,0.86627446640047
case_369,0.9282878814180596,0.8615320366468384
case_370,0.8893143462891829,0.8069705418972302
case_371,0.9007259488161459,0.8707836276780114
case_372,0.9001220247044878,0.8333777442228835
case_373,0.8868769457403062,0.7923670543313375
case_374,0.9004785442542699,0.8327161768121177
case_375,0.9170430772396513,0.8587780602224808
case_376,0.8989138967881675,0.814219950923729
case_377,0.8133382808815912,0.8644342192014415
case_378,0.855917275333692,0.8802312067719791
case_379,0.7530328462095197,0.8471870771737011
case_380,0.8970080227490876,0.8698098692163974
case_381,0.8669159886399161,0.8431866097448446
case_382,0.8838655186167093,0.843283224860516
case_383,0.8990683062406879,0.8527795271082613
case_384,0.6616691788206643,0.854333578667403
case_385,0.9034829870714607,0.7950989948996543
case_386,0.842344090863216,0.8472717422110734
case_387,0.8520668386968985,0.857433072282464
case_388,0.9076089526559646,0.8266579980810268
case_389,0.9596139860039399,0.8769254839786382
case_390,0.7869244725701414,0.8686233447427194
case_391,0.7577326694131767,0.8462973646417655
case_392,0.8999905735331745,0.8715622586233955
case_393,0.808276340659441,0.8324326466168622
case_394,0.7972454268758652,0.869044563930209
case_395,0.92110704377344,0.8544592406032852
case_396,0.6996229814388439,0.866147682259785
case_397,0.8487170610090177,0.8733334160781442
case_398,0.8875506152105379,0.8267951005449197
case_399,0.9093140936497092,0.8712545377840509
case_400,0.9163217116995999,0.824977887243428
case_401,0.8599231564947539,0.84596417597242
case_402,0.8373723735284342,0.7624198592405508
case_403,0.9107866702113373,0.8391034831432355
case_404,0.8477158002606177,0.8368546554652858
case_405,0.8413193471807303,0.8453590780493263
case_406,0.8429135920503262,0.8559692740705993
case_407,0.9154593901812682,0.8484994388253186
case_408,0.8560576413986787,0.853298407179439
case_409,0.6472644591196447,0.8274177699627637
case_410,0.9031990002626699,0.7894799654438418
case_411,0.887676831975074,0.8833143702163145
case_412,0.933296062889899,0.8500531591737546
case_413,0.736584129978352,0.8423513105748338
case_414,0.6820848169451292,0.8522432858598713
case_415,0.8489589426588462,0.8676470074207158
case_416,0.9206208652048817,0.818096209683748
case_417,0.7768021197233634,0.7982485223336268
case_418,0.8618023234507275,0.7848040970719634
case_419,0.8900764421117506,0.8626015725805056
case_420,0.8761454598837928,0.8426888329747195
case_421,0.7995017532680648,0.8607029993478018
case_422,0.925434091959551,0.8455076443348148
case_423,0.8620892568359935,0.7841055496505298
case_424,0.711363365918917,0.8415611054739071
case_425,0.8667233293055072,0.8006077857621541
case_426,0.8541463316316689,0.7740615746124612
case_427,0.8382985763962051,0.8536902365450996
case_428,0.9275675692045386,0.8512774865560696
case_429,0.6586875612144956,0.8555210300777839
case_430,0.821998968369177,0.8200355620398021
case_431,0.5827644562898043,0.7909780103133578
case_432,0.9241678910412531,0.8752147398924217
case_433,0.8922007273567305,0.8856279073453313
case_434,0.8069633366879465,0.8149157617157926
case_435,0.9115797298971626,0.8297806715872394
case_436,0.8711290396797399,0.7838117228176554
case_437,0.7226239247478186,0.8612726343071743
case_438,0.8990007378966889,0.8414802669847231
case_439,0.8760128706656787,0.861561303080433
case_440,0.8461858331833444,0.8546435397237002
case_441,0.8267684829242432,0.8810370777617802
case_442,0.847243270961371,0.8604242380270821
case_443,0.8941853980675061,0.8438644445252677
case_444,0.9001560115894324,0.747080531823467
case_445,0.9251700680272109,0.8199069930211117
case_446,0.7348079180865034,0.8451755243858066
case_447,0.9150632767260677,0.8092982706844989
case_448,0.9454016224389792,0.8912733473608632
case_449,0.8391135719853845,0.8669589572979114
case_450,0.7327876193060123,0.8579837856412332
case_451,0.40932078435695685,0.8548462900087408
case_452,0.7570408833997613,0.8972209184324402
case_453,0.5362787599084704,0.8837618736121483
case_454,0.6062231993208681,0.8609670487802507
case_455,0.6910782902091973,0.8788104779502663
case_456,0.7145519174457023,0.8119303060434127
case_457,0.8241116336085245,0.9077073677607799
case_458,0.8493995459592464,0.8837782465458102
case_459,0.7828605278746791,0.8326504448893495
case_460,0.7554428156401802,0.8950492472486514
case_461,0.8863871825234565,0.8856054138899598
case_462,0.7648054287270137,0.8581676053669149
case_463,0.7669346002633299,0.8878015421758868
case_464,0.7598125492187399,0.842402844187536
case_465,0.7602958732729672,0.8654691880959411
case_466,0.7935693328777678,0.8546989097677458
case_467,0.8020616979948917,0.8671462993514074
case_468,0.8863434258555793,0.864754520822289
case_469,0.6660328989532152,0.8973951094689874
case_470,0.7446226721262801,0.8758154430079469
case_471,0.7975950238857855,0.8801254310531627
case_472,0.8240361246133451,0.8573746125439697
case_473,0.8451692700589055,0.8419558779448182
case_474,0.8700015291688967,0.8274459155528257
case_475,0.7660361132781824,0.8766668681008782
case_476,0.8359939081458099,0.8933738480628894
case_477,0.8463255571914178,0.8236338127712991
case_478,0.8131507589574347,0.8345385742378777
case_479,0.8322327763510796,0.829634410008344
case_480,0.8096202641661576,0.8597142878934643
case_481,0.7903222807676432,0.8613077202331944
case_482,0.8458255678433158,0.8477094783193083
case_483,0.7209213867788381,0.8563216600640534
case_484,0.8194583219789869,0.862297354762418
case_485,0.6609119583598182,0.8310981535471331
case_486,0.886325579556029,0.8514143950295555
case_487,0.5166792490397298,0.8558376957331514
case_488,0.638283694142388,0.8644352894138452
case_489,0.8282416122176258,0.8499262509948814
case_490,0.8518487885821215,0.7914862083674531
case_491,0.8050565249941637,0.8513040520817433
case_492,0.8785560966500189,0.844720768843451
case_493,0.7772793527756748,0.8290110421644523
case_494,0.8420692450124129,0.8669468931252924
case_495,0.8459239622082243,0.8761068582607925
case_496,0.5364384359359233,0.8522219430981598
case_497,0.8808931097349118,0.8612894201544801
case_498,0.810779899431426,0.8215392230719064
case_499,0.810353137752643,0.8322654963785291
case_500,0.820606230911019,0.8307804389399872
case_501,0.7646581068707099,0.8783601226732143
case_502,0.8757167609784697,0.845326688148344
case_503,0.8124435254587749,0.869447368657831
case_504,0.7190896048210155,0.7852625182005476
case_505,0.29523064894448786,0.8485032158130451
case_506,0.18612489467278345,0.8540646091216315
case_507,0.6978813372682025,0.8860130117153899
case_508,0.7075568652060426,0.865333868246821
case_509,0.8262534369802098,0.871880615707075
case_510,0.800020590413502,0.8435970072646873
case_511,0.7676942633868656,0.894702743902439
case_512,0.8563409212255044,0.8357882801886038
case_513,0.7705276621775681,0.8921571766233278
case_514,0.7697316375585712,0.8861172837285499
case_515,0.8306855334898905,0.8642792396795103
case_516,0.8246190325499303,0.8835982885514163
case_517,0.7923251155422302,0.8330875931989278
case_518,0.8544912171062217,0.7544402935212675
case_519,0.8435543424297668,0.8386581081877733
case_520,0.8377108700873968,0.8799736668861092
case_521,0.837394915425909,0.829360681705767
case_522,0.8040661653374271,0.8200725546887786
case_523,0.6756657215921725,0.880479843128208
case_524,0.7868810010224229,0.8487061721782079
case_525,0.8198497758116898,0.8811627053663589
case_526,0.8644756040159158,0.8568538876595259
case_527,0.8152540144874394,0.9093859781699148
case_528,0.8021862853049258,0.813532076397177
case_529,0.8206271031578009,0.8468405076133826
case_530,0.8905393527919023,0.8641454727686002
case_531,0.11055839537091038,0.8630139996923144
case_532,0.8405429974291868,0.8550253202766971
case_533,0.7851233791513191,0.8689226086088655
case_534,0.792010731524954,0.8888590305283418
case_535,0.806440417825528,0.8355343244198902
case_536,0.806577560894513,0.8680208142416588
case_537,0.7161029431456041,0.8398078409383667
case_538,0.7388304559811106,0.8333548470375629
case_539,0.8350053100236908,0.8267160971968739
case_540,0.7586382298441303,0.8959361822997095
case_541,0.8257145254085367,0.8947203658947469
case_542,0.7779456418750047,0.8707176862399277
case_543,0.84417422278675,0.7842922777183792
case_544,0.7877855686166678,0.8665213002487283
case_545,0.12594320677485238,0.8270202418680792
case_546,0.7601771701903207,0.8454914950609669
case_547,0.10852386964043578,0.8643783303881356
case_548,0.9146001082164114,0.8859787007815849
case_549,0.7818483032698629,0.9176732081903103
case_550,0.7889376934106918,0.8547013588338949
case_551,0.7870626029777982,0.8128292927697297
case_552,0.8460611900746808,0.8623500330078365
case_553,0.7843969031855386,0.8696026091738652
case_554,0.789909694141192,0.8469850091912557
case_555,0.8850177115758134,0.8473013251587872
case_556,0.7555314504927575,0.8995829715952703
case_557,0.7218534073973716,0.8432959778610157
case_558,0.7881309533664158,0.8106050253270654
case_559,0.6458487592400319,0.8323756007322756
case_560,0.8261832690797106,0.8138777581595001
case_561,0.7171387181718211,0.8778556351264084
case_562,0.829735133350453,0.9188451046249428
case_563,0.8166592943975839,0.858786485564002
case_564,0.7242351588947855,0.8707193767417224
case_565,0.877181124931439,0.8725020941797708
case_566,0.8896337998577029,0.8755467900264005
case_567,0.5555764491642007,0.8565617330814457
case_568,0.8070492648537916,0.8745750447567541
case_569,0.7829418391382472,0.8703820562785861
case_570,0.8340210715696559,0.8790076024383048
case_571,0.7514299027316675,0.8705884886586134
case_572,0.7409917756733073,0.8630047382127249
case_573,0.6717814892136396,0.8614676628943124
case_574,0.2410409461531056,0.7910007013997217
case_575,0.819685520573454,0.8976042049153612
case_576,0.8406515072578608,0.8113321886678113
case_577,0.8843933293074591,0.8317610101938191
case_578,0.8079858132537406,0.8941421991244196
case_579,0.7696511099145517,0.8902253328847549
case_580,0.7831592582234456,0.821323846141574
case_581,0.877658146074532,0.8369444622734066
case_582,0.8579367347799399,0.9358425850979638
case_583,0.8202992184261122,0.8831700314078818
case_584,0.8930266774472456,0.8831373038066824
case_585,0.7938962853151638,0.8356465209549188
case_586,0.8452202228659632,0.8433764284399382
case_587,0.7505375245178002,0.8299722736109738
case_588,0.7189818265206673,0.8545138457294741
case_589,0.790236558926794,0.8944779952687532
case_590,0.7718941557205407,0.8135137276243684
case_591,0.7411152871252513,0.8506301828765995
case_592,0.8151134665502827,0.8810226556452639
case_593,0.8222680349746195,0.8215025853170532
case_594,0.7500411448748447,0.8924520306829787
case_595,0.8009377690384168,0.8098241745851785
case_596,0.8285633822649346,0.8751353822778296
case_597,0.8458565349115379,0.8863112552356406
case_598,0.687228477701924,0.8613846680109463
case_599,0.8405038289615024,0.875776142766976
case_600,0.8886652069414479,0.8895843582202033
case_601,0.8287176040184075,0.8706518016350716
case_602,0.8664117360363637,0.8870785983725179
case_603,0.8777417033920667,0.8636670359972342
case_604,0.9116715629572627,0.8817992451328479
case_605,0.6489322472985273,0.8387618269309991
case_606,0.6496143908549953,0.8908251697475152
case_607,0.9202900537681314,0.8493879954035027
case_608,0.9198946250696639,0.8904565932058931
case_609,0.8954092324436769,0.846612857772543
case_610,0.9010297829113407,0.8627313016079038
case_611,0.905006815973308,0.869592224295792
case_612,0.8196568280665916,0.8956915199139648
case_613,0.8801406845834712,0.8351574708921709
case_614,0.8812379178368888,0.8583975165398087
case_615,0.894902218844257,0.856725654767924
case_616,0.8943080814063439,0.8921183915760148
case_617,0.9042001040823616,0.8520941837913225
case_618,0.8966443536468748,0.8700700924773004
case_619,0.8830356868238642,0.8718738362396982
case_620,0.9257840983308885,0.9045498790039971
case_621,0.8352071206632203,0.8528675052841931
case_622,0.7690408837576566,0.8695208261552613
case_623,0.9041332011782861,0.8567445210903436
case_624,0.9260547063117309,0.8744293311996988
case_625,0.8955312210217031,0.8948896994020582
case_626,0.7844576423128642,0.8625312883993993
case_627,0.846023809376105,0.8672749599738859
case_628,0.9010026871019108,0.8801638472056157
case_629,0.7939748529948976,0.86597106522977
case_630,0.6965670573162001,0.8386781873482263
case_631,0.9479216151504536,0.8852778528434455
case_632,0.8991190804893573,0.8436641927697227
case_633,0.8792640685774012,0.8878749603854439
case_634,0.8552299708537713,0.8143350823921025
case_635,0.9146766135086647,0.8893818913368805
case_636,0.9139730467793044,0.8784203739785147
case_637,0.8882588760914051,0.9010804409297456
case_638,0.8922456185533341,0.8430614617272632
case_639,0.9150399671476731,0.853369644007732
case_640,0.9211473724956286,0.8693217875836348
case_641,0.912265707886361,0.8754037765592748
case_642,0.8477503834494584,0.8586946848670141
case_643,0.6954589407914311,0.843318880223997
case_644,0.9241408634749873,0.8683599582286893
case_645,0.9101899624765478,0.8473071024021464
case_646,0.8845635094775567,0.877430249162929
case_647,0.8967356437096862,0.876228146823994
case_648,0.8277551831692251,0.8426336530105585
case_649,0.8900545069769886,0.8880808735829174
case_650,0.882365587396874,0.8485995288134326
case_651,0.8776295131099532,0.8785757500145269
case_652,0.8631286497404,0.7895747866400078
case_653,0.91146077263328,0.8578642317231534
case_654,0.8668262574747194,0.8569208037558007
case_655,0.886641823891659,0.8709081800615472
case_656,0.4581214645365823,0.8731855339694885
case_657,0.9079824573313963,0.8625385436161584
case_658,0.8798359549156742,0.8725209033870573
case_659,0.9194949520411548,0.889059200668092
case_660,0.8875540857415131,0.8646022495515984
case_661,0.9112106694605271,0.8344347238986359
case_662,0.8822538529158312,0.8339179496151155
case_663,0.9307897509658645,0.8813550610527174
case_664,0.9409072171702019,0.8318510627617863
case_665,0.9314575327601695,0.8874909298060428
case_666,0.921064158837149,0.8660075299775366
case_667,0.9174978861292856,0.90602192400673
case_668,0.9245941743299644,0.8585473202278218
case_669,0.9099929794422742,0.8410356186064564
case_670,0.9241499805685337,0.8759100004124294
case_671,0.9272605884295255,0.8792624689649778
case_672,0.8951619232278466,0.862847937270931
case_673,0.9384765997566971,0.8512180947070997
case_674,0.8547887741233605,0.8855920259564234
case_675,0.9022244813692418,0.8777646587851362
case_676,0.9224943877605977,0.8557183760439853
case_677,0.921847144387896,0.880967912937728
case_678,0.90415150032751,0.8726911972554089
case_679,0.9242649998568336,0.87115714991724
case_680,0.4096882683774694,0.8426963967207551
case_681,0.8767056530214425,0.8600442858714805
case_682,0.7252244114659377,0.8724588148095642
case_683,0.7544749480865861,0.8539650227889589
case_684,0.9399688135058911,0.8491070294732225
case_685,0.9165500682781337,0.8703256405241541
case_686,0.8921950240019755,0.8926430216235279
case_687,0.896288634185832,0.8651270556406444
case_688,0.8844932355231802,0.8890439593055933
case_689,0.9219951088557731,0.8898998569384835
case_690,0.9009425989473394,0.8640282096944245
case_691,0.8339678170231897,0.8651331763883497
case_692,0.8938762286007349,0.8875904539141876
case_693,0.9029151095317693,0.8507970660701918
case_694,0.6782968339269534,0.8690726219125882
case_695,0.9142493380980627,0.8694148463364028
case_696,0.8815875007387002,0.8881198376163734
case_697,0.9208356874344897,0.8600643949557285
case_698,0.924374868629368,0.8734794309313492
case_699,0.9266418284353798,0.8747372168723722
case_700,0.921575213865778,0.8637363765902001
case_701,0.8552913070615328,0.83230393966858
case_702,0.8854721136864213,0.8460924561811056
case_703,0.8760961789020286,0.8608558406872636
case_704,0.8417768528789114,0.8501415704137663
case_705,0.9432556968344475,0.8516541470219797
case_706,0.870066556529575,0.9009536436285436
case_707,0.884946848960093,0.8671646177701655
case_708,0.8910972208255488,0.889922388767107
case_709,0.9405443321429755,0.8942357611159144
case_710,0.8883473010204571,0.8614880110713319
case_711,0.9259782378724395,0.8756981273759797
case_712,0.8980712717916445,0.9034399962969493
case_713,0.9021849262221052,0.7992175819234444
case_714,0.9145171654692364,0.8962564348836897
case_715,0.8900950229081622,0.8847935238861945
case_716,0.8841960975958616,0.8292852100464579
case_717,0.9014501454538355,0.865434342963068
case_718,0.8428609159893047,0.7921908822204398
case_719,0.853614809939438,0.8535706370097793
case_720,0.9124217861810676,0.8645583498937847
case_721,0.9194051980238203,0.8787200726339149
case_722,0.7456689579373159,0.8553812122940665
case_723,0.891778483297908,0.8966614078134368
case_724,0.9146490625599246,0.8623387759476937
case_725,0.9022175503547029,0.8632805433876602
case_726,0.8886234427589904,0.8741006440436441
case_727,0.918215514556765,0.8610893186970676
case_728,0.8771995220709372,0.8692336647950061
case_729,0.8842967210931092,0.8746021383210534
case_730,0.7947217488667482,0.8702840204168297
case_731,0.8710174331884784,0.8480349539118149
case_732,0.7835790540073831,0.8913118152563005
case_733,0.8467643612453924,0.884528177607384
case_734,0.8868001275751931,0.8552070039658035
case_735,0.9397774807123402,0.8660333887114356
case_736,0.865558156160694,0.8844208262246327
case_737,0.8986338474592174,0.8998816550823275
case_738,0.6737998719209709,0.8505366499795469
case_739,0.8256752580204761,0.8850900300848663
case_740,0.8152544584602001,0.8726542999099791
case_741,0.9216670691185119,0.858574348193797
case_742,0.9438242222319265,0.8506477499373539
case_743,0.7853867128153015,0.8801055527203475
case_744,0.9169949152194119,0.8702984060873398
case_745,0.9235238690332408,0.8903183662835749
case_746,0.910069158993235,0.8978941288977083
case_747,0.8538722111902816,0.8679021513838242
case_748,0.8965185915617991,0.8631161681709804
case_749,0.8666853085664344,0.8838877245232764
case_750,0.8636314997600487,0.8719329660365042
case_751,0.6689604459873113,0.9009862009163964
case_752,0.8679657892377368,0.8845011282040183
case_753,0.7805304465391274,0.9050496298072832
case_754,0.7514159557990614,0.9184322072374753
case_755,0.8132060329008335,0.8966145816539517
case_756,0.8020208187613597,0.8755097914679748
case_757,0.756522369414042,0.9089993725730328
case_758,0.8519569797095021,0.8866749334832454
case_759,0.8913133411077725,0.8685510837605113
case_760,0.697695912599904,0.8558822153889324
case_761,0.7077041507574825,0.9067702457342995
case_762,0.8153028110088424,0.8868087043049441
case_763,0.8281607211863232,0.8952856013139485
case_764,0.8351409571977148,0.8894222188527141
case_765,0.7761859021597896,0.8062823549564248
case_766,0.863447561801012,0.8913555923873033
case_767,0.7145338816899354,0.864984896164715
case_768,0.7714581923425823,0.8981461678344771
case_769,0.7782503748878123,0.8752754601770123
case_770,0.7788193126871475,0.8786656920184766
case_771,0.7854671063158258,0.8645768925399739
case_772,0.4129391876456344,0.8020191502962167
case_773,0.7548390795715436,0.9197861077360994
case_774,0.8222673350202526,0.926034719322317
case_775,0.8478739590979578,0.8930784159749879
case_776,0.4995318804132887,0.8763744571195674
case_777,0.5269450048241382,0.853816518459891
case_778,0.8313737479346173,0.8821049045969952
case_779,0.745065389941638,0.880398231854557
case_780,0.8814311286044957,0.8687376742792446
case_781,0.7011353202152217,0.8982360485504867
case_782,0.8444977215469487,0.8785908124308366
case_783,0.830577465320272,0.8882231664940521
case_784,0.6430295356980356,0.889840120940034
case_785,0.8736999901286867,0.9129499946608614
case_786,0.8827865796091934,0.8849520134629874
case_787,0.8235713014064447,0.9160232621349818
case_788,0.7552913904010635,0.9184172234402208
case_789,0.8533043399050471,0.8872176431820837
case_790,0.7717112925253665,0.9147506234727116
case_791,0.8555491266170224,0.8808982421591086
case_792,0.8168283927069191,0.8632087488381167
case_793,0.8779968974720591,0.910595770714918
case_794,0.8098566527209581,0.8485039063285805
case_795,0.743283597045885,0.8977960339880748
case_796,0.8553020084549208,0.8999328895872387
case_797,0.8726166934983913,0.8695359086490912
case_798,0.5957119803273649,0.9212385868300367
case_799,0.7052576120352837,0.9182318252548609
case_800,0.7340754197632811,0.9126646727984251
case_801,0.7425993162770659,0.9272420934113437
case_802,0.833970774785614,0.899574814198751
case_803,0.7189704188347983,0.8445513777278932
case_804,0.7529145501001807,0.903175476911309
case_805,0.8780307749094516,0.8925093576786529
case_806,0.824627853437298,0.9025204456440125
case_807,0.8682585658637806,0.8793445911613512
case_808,0.8476989461269261,0.8940960111611389
case_809,0.7952220882294112,0.860025407579928
case_810,0.8159142664189944,0.8777632339288522
case_811,0.7743577657317935,0.9069256915085171
case_812,0.8282509065401176,0.9028385080291506
case_813,0.6743154352149304,0.8324768373898364
case_814,0.8667433952871272,0.8517817670520951
case_815,0.7208836514467414,0.8872907008007366
case_816,0.8501082554829398,0.8732226934144653
case_817,0.8639602922130754,0.879934951390884
case_818,0.441642066883535,0.8596954971272942
case_819,0.7934136383574586,0.9017646125048248
case_820,0.8113010828160031,0.9028837037918421
case_821,0.906340696637995,0.8779149722872435
case_822,0.7616027465613066,0.8828239994813415
case_823,0.9183701250085078,0.9116642028567798
case_824,0.7742065992888765,0.8822755929709545
case_825,0.7851350178612859,0.8830391811022831
case_826,0.6900327827949239,0.8792129996213034
case_827,0.7802513057418433,0.8813717177482416
case_828,0.35851665476635725,0.8739618777549324
case_829,0.8607376489946623,0.910998798035734
case_830,0.8770396714509505,0.8795462458680261
case_831,0.8968716078786793,0.8796681724651735
case_832,0.8326428418574792,0.88228445620266
case_833,0.6668927898565248,0.8844437071920519
case_834,0.7978366538646183,0.8846212150268389
case_835,0.7848233145398237,0.8999087801994308
case_836,0.8161412029496253,0.8826792177998499
case_837,0.9030681782770069,0.8319433390841742
case_838,0.7798074641960818,0.8889987574487774
case_839,0.8433828356753775,0.8699461199930636
case_840,0.7797632896007862,0.8755289102114695
case_841,0.824552086406683,0.9084216174602691
case_842,0.292093127882128,0.8877479225998673
case_843,0.8257938333249065,0.9048353835768709
case_844,0.623237391339182,0.8909154980277442
case_845,0.823512039510536,0.9238007691177991
case_846,0.8383733954533181,0.8899837223846041
case_847,0.7809622751769366,0.9030764970077906
case_848,0.7369534990261506,0.9175764597208208
case_849,0.7689286182295304,0.8839554705717012
case_850,0.883000600905428,0.8808073969006266
case_851,0.8967435741379416,0.8570571133071699
case_852,0.7885349981805134,0.8859547034391444
case_853,0.6987063467151091,0.9096704840777923
case_854,0.8051675503125024,0.8444227570755041
case_855,0.9269747520811863,0.8513086875830577
case_856,0.7942499403330334,0.8803287151602893
case_857,0.9073412863361664,0.854006002622847
case_858,0.8702372749769518,0.90620102517274
case_859,0.8737914912616787,0.8590312501024621
case_860,0.8262086493658037,0.8937565128234912
case_861,0.8804498406696439,0.8729901331753267
case_862,0.715289947115932,0.8958847421579803
case_863,0.7164292686904193,0.8830565171063406
case_864,0.8116823890345254,0.8833932332562853
case_865,0.8859133427545492,0.8553937208413427
case_866,0.4636911647057025,0.8875307981898657
case_867,0.8888670152268884,0.9030101273738665
case_868,0.8539744789236183,0.9177432852789313
case_869,0.7705846014634613,0.8742898856354936
case_870,0.3352449340253281,0.8044855254456282
case_871,0.502898783983234,0.8879266616450495
case_872,0.8688629380367907,0.8883496381408496
case_873,0.8372899167901874,0.8903490668350087
case_874,0.7741728316656469,0.9158744687865202
case_875,0.6280099920707315,0.8784788679363685
case_876,0.7712742215997415,0.9122214978716877
case_877,0.8330461797772419,0.9153288979860639
case_878,0.7038009324166383,0.9231884419746497
case_879,0.7565079021111246,0.8866780577069973
case_880,0.8641343752517522,0.8906388977529315
case_881,0.8424956717172261,0.8865726371657983
case_882,0.8643807342563968,0.8917280685627006
case_883,0.9056709420051461,0.8837123825666614
case_884,0.7118960544703119,0.9096230830272007
case_885,0.8601278206447567,0.8999166075258214
case_886,0.8661172027671044,0.8639377134411527
case_887,0.8300754869538132,0.9144820487982079
case_888,0.9032005426860984,0.8725010034949561
case_889,0.829792353432671,0.8900502288872186
case_890,0.8427012428215346,0.8920433133180916
case_891,0.8375782862769628,0.8456814064578844
case_892,0.8182063429232712,0.8583720034853797
case_893,0.8164196123147093,0.9067008773472387
case_894,0.7996321638028604,0.8891502618517712
case_895,0.7578359314738256,0.9036627494795594
case_896,0.870480461942128,0.8822074358106838
case_897,0.8673308193385019,0.9092913719650908
case_898,0.615720063106904,0.8934934909982132
case_899,0.8817059985833053,0.9081629053141085
